Ship,Tow_number,Net_number,Taxon,Fish ID,Image Name ,ImageJ Number,Standard Length (cm),Std_length_mm,Notes,Weight estimate (mg) (Mediterranean)
Sarmiento,1,1,Gonostomatidae,MOC1-Net1-Gon-1,SG2105_MOC1_Net1_ImageJ,1,2.894,28.94,NA,89.12086799
Sarmiento,1,1,Gonostomatidae,MOC1-Net1-Gon-2,SG2105_MOC1_Net1_ImageJ,2,3.034,30.34,NA,101.5760027
Sarmiento,1,1,Gonostomatidae,MOC1-Net1-Gon-3,SG2105_MOC1_Net1_ImageJ,3,3.085,30.85,NA,106.374504
Sarmiento,1,1,Myctophidae,MOC1-Net1-Myc-1,SG2105_MOC1_Net1_ImageJ,4,1.288,12.88,NA,21.68002364
Sarmiento,1,3,Sternoptychidae,MOC1-Net3-Ste-1,SG2105_MOC1_Net3_ImageJ,1,2.164,21.64,NA,201.2669691
Sarmiento,1,3,Myctophidae,MOC1-Net3-Myc-1,SG2105_MOC1_Net3_ImageJ,2,2.424,24.24,NA,153.2672506
Sarmiento,1,3,Paralepididae,MOC1-Net3-Par-1,SG2105_MOC1_Net3_ImageJ,3,3.772,37.72,NA,
Sarmiento,1,3,Larvae,MOC1-Net3-Lar-1,SG2105_MOC1_Net3_ImageJ,4,0.619,6.19,NA,
Sarmiento,1,3,Larvae,MOC1-Net3-Lar-2,SG2105_MOC1_Net3_ImageJ,5,0.387,3.87,NA,
Sarmiento,1,3,Larvae,MOC1-Net3-Lar-3,SG2105_MOC1_Net3_ImageJ,6,0.648,6.48,NA,
Sarmiento,1,3,Larvae,MOC1-Net3-Lar-4,SG2105_MOC1_Net3_ImageJ,7,0.414,4.14,NA,
Sarmiento,1,3,Larvae,MOC1-Net3-Lar-5,SG2105_MOC1_Net3_ImageJ,8,0.806,8.06,NA,
Sarmiento,2,1,Myctophidae,MOC2-Net1-Myc-1,SG2105_MOC2_Net1_ImageJ,1,1.05,10.5,NA,11.52466975
Sarmiento,2,1,Gonostomatidae,MOC2-Net1-Gon-1,SG2105_MOC2_Net1_ImageJ,2,1.754,17.54,NA,22.27449769
Sarmiento,2,1,Alepocephalidae,MOC2-Net1-Ale-1,SG2105_MOC2_Net1_ImageJ,3,1.553,15.53,NA,
Sarmiento,2,1,Larvae,MOC2-Net1-Lar-1,SG2105_MOC2_Net1_ImageJ,4,0.847,8.47,NA,
Sarmiento,2,1,Larvae,MOC2-Net1-Lar-2,SG2105_MOC2_Net1_ImageJ,5,1.027,10.27,NA,
Sarmiento,2,1,Larvae,MOC2-Net1-Lar-3,SG2105_MOC2_Net1_ImageJ,6,0.917,9.17,NA,
Sarmiento,2,1,Larvae,MOC2-Net1-Lar-4,SG2105_MOC2_Net1_ImageJ,7,0.999,9.99,NA,
Sarmiento,2,1,Larvae,MOC2-Net1-Lar-5,SG2105_MOC2_Net1_ImageJ,8,0.99,9.9,NA,
Sarmiento,2,2,Paralepididae,MOC2-Net2-Par-1,SG2105_MOC2_Net2_ImageJ,1,3.204,32.04,NA,
Sarmiento,2,2,Larvae,MOC2-Net2-Lar-1,SG2105_MOC2_Net2_ImageJ,2,1.087,10.87,NA,
Sarmiento,2,2,Larvae,MOC2-Net2-Lar-2,SG2105_MOC2_Net2_ImageJ,3,0.768,7.68,NA,
Sarmiento,2,2,Larvae,MOC2-Net2-Lar-3,SG2105_MOC2_Net2_ImageJ,4,0.883,8.83,NA,
Sarmiento,2,2,Larvae,MOC2-Net2-Lar-4,SG2105_MOC2_Net2_ImageJ,5,0.762,7.62,NA,
Sarmiento,2,3,Paralepididae,MOC2-Net3-Par-1,SG2105_MOC2_Net3_ImageJ,1,1.629,16.29,NA,
Sarmiento,2,3,Paralepididae,MOC2-Net3-Par-2,SG2105_MOC2_Net3_ImageJ,2,2.039,20.39,NA,
Sarmiento,2,3,Paralepididae,MOC2-Net3-Par-3,SG2105_MOC2_Net3_ImageJ,3,2.002,20.02,NA,
Sarmiento,2,3,Paralepididae,MOC2-Net3-Par-4,SG2105_MOC2_Net3_ImageJ,4,1.872,18.72,NA,
Sarmiento,2,3,Paralepididae,MOC2-Net3-Par-5,SG2105_MOC2_Net3_ImageJ,5,2.092,20.92,NA,
Sarmiento,2,3,Paralepididae,MOC2-Net3-Par-6,SG2105_MOC2_Net3_ImageJ,6,1.945,19.45,NA,
Sarmiento,2,3,Sternoptychidae,MOC2-Net3-Ste-1,SG2105_MOC2_Net3_ImageJ,7,1.345,13.45,NA,47.59468658
Sarmiento,2,3,Sternoptychidae,MOC2-Net3-Ste-2,SG2105_MOC2_Net3_ImageJ,8,1.633,16.33,NA,85.71298447
Sarmiento,2,3,Larvae,MOC2-Net3-Lar-1,SG2105_MOC2_Net3_ImageJ,9,0.368,3.68,NA,
Sarmiento,2,3,Larvae,MOC2-Net3-Lar-2,SG2105_MOC2_Net3_ImageJ,10,0.25,2.5,NA,
Sarmiento,2,3,Larvae,MOC2-Net3-Lar-3,SG2105_MOC2_Net3_ImageJ,11,0.502,5.02,NA,
Sarmiento,2,3,Larvae,MOC2-Net3-Lar-4,SG2105_MOC2_Net3_ImageJ,12,0.487,4.87,NA,
Sarmiento,2,3,Larvae,MOC2-Net3-Lar-5,SG2105_MOC2_Net3_ImageJ,13,0.466,4.66,NA,
Sarmiento,2,3,Larvae,MOC2-Net3-Lar-6,SG2105_MOC2_Net3_ImageJ,14,0.587,5.87,NA,
Sarmiento,2,3,Larvae,MOC2-Net3-Lar-7,SG2105_MOC2_Net3_ImageJ,15,0.483,4.83,NA,
Sarmiento,2,3,Larvae,MOC2-Net3-Lar-8,SG2105_MOC2_Net3_ImageJ,16,0.504,5.04,NA,
Sarmiento,2,3,Larvae,MOC2-Net3-Lar-9,SG2105_MOC2_Net3_ImageJ,17,0.349,3.49,NA,
Sarmiento,2,3,Larvae,MOC2-Net3-Lar-10,SG2105_MOC2_Net3_ImageJ,18,1.357,13.57,NA,
Sarmiento,2,3,Larvae,MOC2-Net3-Lar-11,SG2105_MOC2_Net3_ImageJ,19,0.545,5.45,NA,
Sarmiento,2,3,Larvae,MOC2-Net3-Lar-12,SG2105_MOC2_Net3_ImageJ,20,0.498,4.98,NA,
Sarmiento,2,3,Larvae,MOC2-Net3-Lar-13,SG2105_MOC2_Net3_ImageJ,21,1.373,13.73,NA,
Sarmiento,2,3,Larvae,MOC2-Net3-Lar-14,SG2105_MOC2_Net3_ImageJ,22,0.513,5.13,NA,
Sarmiento,2,3,Larvae,MOC2-Net3-Lar-15,SG2105_MOC2_Net3_ImageJ,23,0.465,4.65,NA,
Sarmiento,2,3,Larvae,MOC2-Net3-Lar-16,SG2105_MOC2_Net3_ImageJ,24,0.528,5.28,NA,
Sarmiento,2,3,Larvae,MOC2-Net3-Lar-17,SG2105_MOC2_Net3_ImageJ,25,0.583,5.83,NA,
Sarmiento,2,3,Larvae,MOC2-Net3-Lar-18,SG2105_MOC2_Net3_ImageJ,26,0.579,5.79,NA,
Sarmiento,2,4,Myctophidae,MOC2-Net4-Myc-1,SG2105_MOC2_Net4_ImageJ,1,1.359,13.59,NA,25.59397649
Sarmiento,2,4,Myctophidae,MOC2-Net4-Myc-2,SG2105_MOC2_Net4_ImageJ,2,2.372,23.72,NA,143.3242595
Sarmiento,2,4,Myctophidae,MOC2-Net4-Myc-3,SG2105_MOC2_Net4_ImageJ,3,2.138,21.38,NA,103.9450484
Sarmiento,2,4,Myctophidae,MOC2-Net4-Myc-4,SG2105_MOC2_Net4_ImageJ,4,2.327,23.27,NA,135.0800462
Sarmiento,2,4,Myctophidae,MOC2-Net4-Myc-5,SG2105_MOC2_Net4_ImageJ,5,2.294,22.94,NA,129.2425193
Sarmiento,2,4,Myctophidae,MOC2-Net4-Myc-6,SG2105_MOC2_Net4_ImageJ,6,2.492,24.92,NA,166.9602431
Sarmiento,2,4,Myctophidae,MOC2-Net4-Myc-7,SG2105_MOC2_Net4_ImageJ,7,2.304,23.04,NA,130.9930582
Sarmiento,2,4,Larvae,MOC2-Net4-Lar-1,SG2105_MOC2_Net4_ImageJ,8,0.396,3.96,NA,
Sarmiento,2,4,Larvae,MOC2-Net4-Lar-2,SG2105_MOC2_Net4_ImageJ,9,0.42,4.2,NA,
Sarmiento,2,4,Larvae,MOC2-Net4-Lar-3,SG2105_MOC2_Net4_ImageJ,10,0.568,5.68,NA,
Sarmiento,2,4,Larvae,MOC2-Net4-Lar-4,SG2105_MOC2_Net4_ImageJ,11,1.513,15.13,NA,
Sarmiento,2,4,Larvae,MOC2-Net4-Lar-5,SG2105_MOC2_Net4_ImageJ,12,0.422,4.22,NA,
Sarmiento,2,4,Larvae,MOC2-Net4-Lar-6,SG2105_MOC2_Net4_ImageJ,13,1.23,12.3,NA,
Sarmiento,2,4,Larvae,MOC2-Net4-Lar-7,SG2105_MOC2_Net4_ImageJ,14,1.388,13.88,NA,
Sarmiento,2,4,Larvae,MOC2-Net4-Lar-8,SG2105_MOC2_Net4_ImageJ,15,0.347,3.47,NA,
Sarmiento,2,4,Larvae,MOC2-Net4-Lar-9,SG2105_MOC2_Net4_ImageJ,16,0.888,8.88,NA,
Sarmiento,2,4,Larvae,MOC2-Net4-Lar-10,SG2105_MOC2_Net4_ImageJ,17,0.394,3.94,NA,
Sarmiento,2,4,Larvae,MOC2-Net4-Lar-11,SG2105_MOC2_Net4_ImageJ,18,0.553,5.53,NA,
Sarmiento,2,4,Larvae,MOC2-Net4-Lar-12,SG2105_MOC2_Net4_ImageJ,19,0.45,4.5,NA,
Sarmiento,2,4,Larvae,MOC2-Net4-Lar-13,SG2105_MOC2_Net4_ImageJ,20,0.414,4.14,NA,
Sarmiento,2,4,Larvae,MOC2-Net4-Lar-14,SG2105_MOC2_Net4_ImageJ,21,0.489,4.89,NA,
Sarmiento,2,4,Larvae,MOC2-Net4-Lar-15,SG2105_MOC2_Net4_ImageJ,22,1.494,14.94,NA,
Sarmiento,2,4,Larvae,MOC2-Net4-Lar-16,SG2105_MOC2_Net4_ImageJ,23,0.435,4.35,NA,
Sarmiento,2,4,Larvae,MOC2-Net4-Lar-17,SG2105_MOC2_Net4_ImageJ,24,0.394,3.94,NA,
Sarmiento,2,4,Larvae,MOC2-Net4-Lar-18,SG2105_MOC2_Net4_ImageJ,25,0.509,5.09,NA,
Sarmiento,2,4,Larvae,MOC2-Net4-Lar-19,SG2105_MOC2_Net4_ImageJ,26,0.773,7.73,NA,
Sarmiento,2,4,Larvae,MOC2-Net4-Lar-20,SG2105_MOC2_Net4_ImageJ,27,0.442,4.42,NA,
Sarmiento,2,4,Larvae,MOC2-Net4-Lar-21,SG2105_MOC2_Net4_ImageJ,28,0.454,4.54,NA,
Sarmiento,2,4,Larvae,MOC2-Net4-Lar-22,SG2105_MOC2_Net4_ImageJ,29,0.365,3.65,NA,
Sarmiento,2,4,Larvae,MOC2-Net4-Lar-23,SG2105_MOC2_Net4_ImageJ,30,0.454,4.54,NA,
Sarmiento,2,4,Larvae,MOC2-Net4-Lar-24,SG2105_MOC2_Net4_ImageJ,31,0.279,2.79,"body broken, head present",
Sarmiento,2,4,Larvae,MOC2-Net4-Lar-25,SG2105_MOC2_Net4_ImageJ,32,0.457,4.57,NA,
Sarmiento,2,4,Larvae,MOC2-Net4-Lar-26,SG2105_MOC2_Net4_ImageJ,33,0.582,5.82,NA,
Sarmiento,2,4,Larvae,MOC2-Net4-Lar-27,SG2105_MOC2_Net4_ImageJ,34,0.483,4.83,NA,
Sarmiento,2,4,Larvae,MOC2-Net4-Lar-28,SG2105_MOC2_Net4_ImageJ,35,0.508,5.08,NA,
Sarmiento,2,4,Larvae,MOC2-Net4-Lar-29,SG2105_MOC2_Net4_ImageJ,36,0.639,6.39,NA,
Sarmiento,2,4,Larvae,MOC2-Net4-Lar-30,SG2105_MOC2_Net4_ImageJ,37,0.316,3.16,NA,
Sarmiento,2,4,Larvae,MOC2-Net4-Lar-31,SG2105_MOC2_Net4_ImageJ,38,0.413,4.13,NA,
Sarmiento,2,4,Larvae,MOC2-Net4-Lar-32,SG2105_MOC2_Net4_ImageJ,39,0.466,4.66,NA,
Sarmiento,2,4,Larvae,MOC2-Net4-Lar-33,SG2105_MOC2_Net4_ImageJ,40,0.504,5.04,NA,
Sarmiento,2,4,Larvae,MOC2-Net4-Lar-34,SG2105_MOC2_Net4_ImageJ,41,0.303,3.03,NA,
Sarmiento,2,4,Larvae,MOC2-Net4-Lar-35,SG2105_MOC2_Net4_ImageJ,42,0.468,4.68,NA,
Sarmiento,2,4,Larvae,MOC2-Net4-Lar-36,SG2105_MOC2_Net4_ImageJ,43,0.4,4,NA,
Sarmiento,2,4,Larvae,MOC2-Net4-Lar-37,SG2105_MOC2_Net4_ImageJ,44,0.393,3.93,NA,
Sarmiento,2,4,Larvae,MOC2-Net4-Lar-38,SG2105_MOC2_Net4_ImageJ,45,0.318,3.18,NA,
Sarmiento,2,4,Larvae,MOC2-Net4-Lar-39,SG2105_MOC2_Net4_ImageJ,46,0.442,4.42,NA,
Sarmiento,2,4,Larvae,MOC2-Net4-Lar-40,SG2105_MOC2_Net4_ImageJ,47,0.511,5.11,NA,
Sarmiento,2,4,Larvae,MOC2-Net4-Lar-41,SG2105_MOC2_Net4_ImageJ,48,0.366,3.66,NA,
Sarmiento,2,4,Larvae,MOC2-Net4-Lar-42,SG2105_MOC2_Net4_ImageJ,49,0.433,4.33,NA,
Sarmiento,2,4,Larvae,MOC2-Net4-Lar-43,SG2105_MOC2_Net4_ImageJ,50,0.457,4.57,NA,
Sarmiento,2,4,Larvae,MOC2-Net4-Lar-44,SG2105_MOC2_Net4_ImageJ,51,0.461,4.61,NA,
Sarmiento,2,4,Larvae,MOC2-Net4-Lar-45,SG2105_MOC2_Net4_ImageJ,52,0.282,2.82,NA,
Sarmiento,2,4,Larvae,MOC2-Net4-Lar-46,SG2105_MOC2_Net4_ImageJ,53,0.356,3.56,NA,
Sarmiento,2,4,Larvae,MOC2-Net4-Lar-47,SG2105_MOC2_Net4_ImageJ,54,0.943,9.43,NA,
Sarmiento,2,4,Larvae,MOC2-Net4-Lar-48,SG2105_MOC2_Net4_ImageJ,55,0.183,1.83,"body broken, head present",
Sarmiento,2,4,Larvae,MOC2-Net4-Lar-49,SG2105_MOC2_Net4_ImageJ,56,0.508,5.08,NA,
Sarmiento,2,4,Larvae,MOC2-Net4-Lar-50,SG2105_MOC2_Net4_ImageJ,57,0.453,4.53,NA,
Sarmiento,2,4,Larvae,MOC2-Net4-Lar-51,SG2105_MOC2_Net4_ImageJ,58,0.503,5.03,NA,
Sarmiento,2,4,Larvae,MOC2-Net4-Lar-52,SG2105_MOC2_Net4_ImageJ,59,0.359,3.59,NA,
Sarmiento,2,4,Larvae,MOC2-Net4-Lar-53,SG2105_MOC2_Net4_ImageJ,60,0.393,3.93,NA,
Sarmiento,2,4,Larvae,MOC2-Net4-Lar-54,SG2105_MOC2_Net4_ImageJ,61,0.289,2.89,NA,
Sarmiento,2,4,Larvae,MOC2-Net4-Lar-55,SG2105_MOC2_Net4_ImageJ,62,0.368,3.68,NA,
Sarmiento,2,4,Larvae,MOC2-Net4-Lar-56,SG2105_MOC2_Net4_ImageJ,63,0.351,3.51,NA,
Sarmiento,2,4,Larvae,MOC2-Net4-Lar-57,SG2105_MOC2_Net4_ImageJ,64,0.263,2.63,NA,
Sarmiento,2,4,Larvae,MOC2-Net4-Lar-58,SG2105_MOC2_Net4_ImageJ,65,0.519,5.19,NA,
Sarmiento,2,4,Larvae,MOC2-Net4-Lar-59,SG2105_MOC2_Net4_ImageJ,66,0.36,3.6,NA,
Sarmiento,2,4,Larvae,MOC2-Net4-Lar-60,SG2105_MOC2_Net4_ImageJ,67,0.369,3.69,NA,
Sarmiento,2,4,Larvae,MOC2-Net4-Lar-61,SG2105_MOC2_Net4_ImageJ,68,0.474,4.74,NA,
Sarmiento,2,4,Larvae,MOC2-Net4-Lar-62,SG2105_MOC2_Net4_ImageJ,69,0.339,3.39,NA,
Sarmiento,2,4,Larvae,MOC2-Net4-Lar-63,SG2105_MOC2_Net4_ImageJ,70,0.372,3.72,NA,
Sarmiento,2,4,Larvae,MOC2-Net4-Lar-64,SG2105_MOC2_Net4_ImageJ,71,0.446,4.46,NA,
Sarmiento,2,4,Larvae,MOC2-Net4-Lar-65,SG2105_MOC2_Net4_ImageJ,72,0.411,4.11,"body broken, head present",
Sarmiento,2,4,Larvae,MOC2-Net4-Lar-66,SG2105_MOC2_Net4_ImageJ,73,0.441,4.41,NA,
Sarmiento,2,4,Larvae,MOC2-Net4-Lar-67,SG2105_MOC2_Net4_ImageJ,74,0.393,3.93,NA,
Sarmiento,2,4,Larvae,MOC2-Net4-Lar-68,SG2105_MOC2_Net4_ImageJ,75,0.42,4.2,NA,
Sarmiento,2,4,Larvae,MOC2-Net4-Lar-69,SG2105_MOC2_Net4_ImageJ,76,0.399,3.99,NA,
Sarmiento,2,4,Larvae,MOC2-Net4-Lar-70,SG2105_MOC2_Net4_ImageJ,77,0.228,2.28,NA,
Sarmiento,2,4,Larvae,MOC2-Net4-Lar-71,SG2105_MOC2_Net4_ImageJ,78,0.416,4.16,NA,
Sarmiento,2,4,Larvae,MOC2-Net4-Lar-72,SG2105_MOC2_Net4_ImageJ,79,0.695,6.95,NA,
Sarmiento,2,4,Larvae,MOC2-Net4-Lar-73,SG2105_MOC2_Net4_ImageJ,80,0.348,3.48,NA,
Sarmiento,2,4,Larvae,MOC2-Net4-Lar-74,SG2105_MOC2_Net4_ImageJ,81,0.433,4.33,NA,
Sarmiento,2,4,Larvae,MOC2-Net4-Lar-75,SG2105_MOC2_Net4_ImageJ,82,0.281,2.81,NA,
Sarmiento,2,4,Larvae,MOC2-Net4-Lar-76,SG2105_MOC2_Net4_ImageJ,83,0.404,4.04,NA,
Sarmiento,2,4,Larvae,MOC2-Net4-Lar-77,SG2105_MOC2_Net4_ImageJ,84,0.432,4.32,NA,
Sarmiento,2,4,Larvae,MOC2-Net4-Lar-78,SG2105_MOC2_Net4_ImageJ,85,0.487,4.87,NA,
Sarmiento,2,4,Larvae,MOC2-Net4-Lar-79,SG2105_MOC2_Net4_ImageJ,86,0.384,3.84,NA,
Sarmiento,2,4,Larvae,MOC2-Net4-Lar-80,SG2105_MOC2_Net4_ImageJ,87,0.43,4.3,NA,
Sarmiento,2,4,Larvae,MOC2-Net4-Lar-81,SG2105_MOC2_Net4_ImageJ,88,0.347,3.47,NA,
Sarmiento,2,4,Larvae,MOC2-Net4-Lar-82,SG2105_MOC2_Net4_ImageJ,89,0.421,4.21,NA,
Sarmiento,2,4,Larvae,MOC2-Net4-Lar-83,SG2105_MOC2_Net4_ImageJ,90,0.398,3.98,NA,
Sarmiento,2,4,Larvae,MOC2-Net4-Lar-84,SG2105_MOC2_Net4_ImageJ,91,0.403,4.03,NA,
Sarmiento,2,4,Larvae,MOC2-Net4-Lar-85,SG2105_MOC2_Net4_ImageJ,92,0.424,4.24,NA,
Sarmiento,2,4,Larvae,MOC2-Net4-Lar-86,SG2105_MOC2_Net4_ImageJ,93,0.318,3.18,NA,
Sarmiento,2,4,Larvae,MOC2-Net4-Lar-87,SG2105_MOC2_Net4_ImageJ,94,0.26,2.6,NA,
Sarmiento,2,4,Larvae,MOC2-Net4-Lar-88,SG2105_MOC2_Net4_ImageJ,95,0.357,3.57,NA,
Sarmiento,2,4,Larvae,MOC2-Net4-Lar-89,SG2105_MOC2_Net4_ImageJ,96,0.452,4.52,NA,
Sarmiento,2,4,Larvae,MOC2-Net4-Lar-90,SG2105_MOC2_Net4_ImageJ,97,0.466,4.66,NA,
Sarmiento,2,4,Larvae,MOC2-Net4-Lar-91,SG2105_MOC2_Net4_ImageJ,98,0.55,5.5,headless,
Sarmiento,2,4,Larvae,MOC2-Net4-Lar-92,SG2105_MOC2_Net4_ImageJ,99,0.442,4.42,NA,
Sarmiento,2,4,Larvae,MOC2-Net4-Lar-93,SG2105_MOC2_Net4_ImageJ,100,0.315,3.15,NA,
Sarmiento,2,4,Larvae,MOC2-Net4-Lar-94,SG2105_MOC2_Net4_ImageJ,101,0.244,2.44,NA,
Sarmiento,2,4,Larvae,MOC2-Net4-Lar-95,SG2105_MOC2_Net4_ImageJ,102,0.446,4.46,NA,
Sarmiento,2,4,Larvae,MOC2-Net4-Lar-96,SG2105_MOC2_Net4_ImageJ,103,0.247,2.47,NA,
Sarmiento,2,4,Larvae,MOC2-Net4-Lar-97,SG2105_MOC2_Net4_ImageJ,104,0.287,2.87,NA,
Sarmiento,2,4,Larvae,MOC2-Net4-Lar-98,SG2105_MOC2_Net4_ImageJ,105,0.522,5.22,NA,
Sarmiento,2,4,Larvae,MOC2-Net4-Lar-99,SG2105_MOC2_Net4_ImageJ,106,0.513,5.13,NA,
Sarmiento,2,4,Larvae,MOC2-Net4-Lar-100,SG2105_MOC2_Net4_ImageJ,107,0.453,4.53,NA,
Sarmiento,2,4,Larvae,MOC2-Net4-Lar-101,SG2105_MOC2_Net4_ImageJ,108,0.408,4.08,NA,
Sarmiento,2,4,Larvae,MOC2-Net4-Lar-102,SG2105_MOC2_Net4_ImageJ,109,0.278,2.78,NA,
Sarmiento,2,4,Larvae,MOC2-Net4-Lar-103,SG2105_MOC2_Net4_ImageJ,110,0.298,2.98,NA,
Sarmiento,2,4,Larvae,MOC2-Net4-Lar-104,SG2105_MOC2_Net4_ImageJ,111,0.398,3.98,NA,
Sarmiento,2,4,Larvae,MOC2-Net4-Lar-105,SG2105_MOC2_Net4_ImageJ,112,0.423,4.23,NA,
Sarmiento,2,4,Larvae,MOC2-Net4-Lar-106,SG2105_MOC2_Net4_ImageJ,113,0.347,3.47,NA,
Sarmiento,2,4,Larvae,MOC2-Net4-Lar-107,SG2105_MOC2_Net4_ImageJ,114,0.255,2.55,NA,
Sarmiento,2,4,Larvae,MOC2-Net4-Lar-108,SG2105_MOC2_Net4_ImageJ,115,0.375,3.75,NA,
Sarmiento,2,4,Larvae,MOC2-Net4-Lar-109,SG2105_MOC2_Net4_ImageJ,116,0.312,3.12,NA,
Sarmiento,2,4,Larvae,MOC2-Net4-Lar-110,SG2105_MOC2_Net4_ImageJ,117,0.4,4,NA,
Sarmiento,2,4,Larvae,MOC2-Net4-Lar-111,SG2105_MOC2_Net4_ImageJ,118,0.401,4.01,NA,
Sarmiento,3,1,Alepocephalidae,MOC3-Net1-Ale-1,SG2105_MOC3_Net1_ImageJ,1,1.566,15.66,NA,
Sarmiento,3,1,Gonostomatidae,MOC3-Net1-Gon-1,SG2105_MOC3_Net1_ImageJ,2,2.896,28.96,NA,89.29151523
Sarmiento,3,1,Gonostomatidae,MOC3-Net1-Gon-2,SG2105_MOC3_Net1_ImageJ,3,2.657,26.57,head only,70.34450876
Sarmiento,3,1,Gonostomatidae,MOC3-Net1-Gon-3,SG2105_MOC3_Net1_ImageJ,4,0.969,9.69,body only,4.307452784
Sarmiento,3,2,Larvae,MOC3-Net2-Lar-1,SG2105_MOC3_Net2_ImageJ,1,2.109,21.09,NA,
Sarmiento,3,2,Larvae,MOC3-Net2-Lar-2,SG2105_MOC3_Net2_ImageJ,2,2.161,21.61,NA,
Sarmiento,3,2,Larvae,MOC3-Net2-Lar-3,SG2105_MOC3_Net2_ImageJ,3,1.622,16.22,NA,
Sarmiento,3,2,Larvae,MOC3-Net2-Lar-4,SG2105_MOC3_Net2_ImageJ,4,2.096,20.96,NA,
Sarmiento,3,2,Larvae,MOC3-Net2-Lar-5,SG2105_MOC3_Net2_ImageJ,5,1.498,14.98,NA,
Sarmiento,3,2,Larvae,MOC3-Net2-Lar-6,SG2105_MOC3_Net2_ImageJ,6,0.457,4.57,NA,
Sarmiento,3,2,Larvae,MOC3-Net2-Lar-7,SG2105_MOC3_Net2_ImageJ,7,0.43,4.3,NA,
Sarmiento,3,2,Larvae,MOC3-Net2-Lar-8,SG2105_MOC3_Net2_ImageJ,8,0.354,3.54,NA,
Sarmiento,3,2,Larvae,MOC3-Net2-Lar-9,SG2105_MOC3_Net2_ImageJ,9,0.745,7.45,NA,
Sarmiento,3,2,Larvae,MOC3-Net2-Lar-10,SG2105_MOC3_Net2_ImageJ,10,0.477,4.77,NA,
Sarmiento,3,2,Larvae,MOC3-Net2-Lar-11,SG2105_MOC3_Net2_ImageJ,11,0.506,5.06,NA,
Sarmiento,3,2,Larvae,MOC3-Net2-Lar-12,SG2105_MOC3_Net2_ImageJ,12,0.395,3.95,NA,
Sarmiento,3,2,Larvae,MOC3-Net2-Lar-13,SG2105_MOC3_Net2_ImageJ,13,0.603,6.03,NA,
Sarmiento,3,2,Larvae,MOC3-Net2-Lar-14,SG2105_MOC3_Net2_ImageJ,14,0.351,3.51,NA,
Sarmiento,3,2,Larvae,MOC3-Net2-Lar-15,SG2105_MOC3_Net2_ImageJ,15,0.38,3.8,NA,
Sarmiento,3,2,Larvae,MOC3-Net2-Lar-16,SG2105_MOC3_Net2_ImageJ,16,0.384,3.84,NA,
Sarmiento,3,2,Larvae,MOC3-Net2-Lar-17,SG2105_MOC3_Net2_ImageJ,17,0.373,3.73,NA,
Sarmiento,3,2,Larvae,MOC3-Net2-Lar-18,SG2105_MOC3_Net2_ImageJ,18,0.408,4.08,NA,
Sarmiento,3,2,Larvae,MOC3-Net2-Lar-19,SG2105_MOC3_Net2_ImageJ,19,0.386,3.86,NA,
Sarmiento,3,2,Larvae,MOC3-Net2-Lar-20,SG2105_MOC3_Net2_ImageJ,20,0.353,3.53,NA,
Sarmiento,3,2,Larvae,MOC3-Net2-Lar-21,SG2105_MOC3_Net2_ImageJ,21,0.367,3.67,NA,
Sarmiento,3,2,Larvae,MOC3-Net2-Lar-22,SG2105_MOC3_Net2_ImageJ,22,0.509,5.09,NA,
Sarmiento,3,2,Larvae,MOC3-Net2-Lar-23,SG2105_MOC3_Net2_ImageJ,23,0.518,5.18,NA,
Sarmiento,3,3,Larvae,MOC3-Net3-Lar-1,SG2105_MOC3_Net3_ImageJ,1,1.623,16.23,NA,
Sarmiento,3,3,Larvae,MOC3-Net3-Lar-2,SG2105_MOC3_Net3_ImageJ,2,0.429,4.29,NA,
Sarmiento,3,3,Larvae,MOC3-Net3-Lar-3,SG2105_MOC3_Net3_ImageJ,3,0.357,3.57,NA,
Sarmiento,3,3,Larvae,MOC3-Net3-Lar-4,SG2105_MOC3_Net3_ImageJ,4,0.406,4.06,NA,
Sarmiento,4,1,Gonostomatidae,MOC4-Net1-Gon-1,SG2105_MOC4_Net1_ImageJ,1,3.075,30.75,NA,105.4224548
Sarmiento,4,1,Gonostomatidae,MOC4-Net1-Gon-2,SG2105_MOC4_Net1_ImageJ,2,0.695,6.95,head only,1.716113117
Sarmiento,4,1,Gonostomatidae,MOC4-Net1-Gon-3,SG2105_MOC4_Net1_ImageJ,3,1.318,13.18,broken body fragment,10.09568422
Sarmiento,4,1,Gonostomatidae,MOC4-Net1-Gon-4,SG2105_MOC4_Net1_ImageJ,4,1.11,11.1,broken body fragment,6.274647246
Sarmiento,4,1,Gonostomatidae,MOC4-Net1-Gon-5,SG2105_MOC4_Net1_ImageJ,5,2.94,29.4,NA,93.09872749
Sarmiento,4,1,Gonostomatidae,MOC4-Net1-Gon-6,SG2105_MOC4_Net1_ImageJ,6,0.615,6.15,head only,1.223165386
Sarmiento,4,1,Gonostomatidae,MOC4-Net1-Gon-7,SG2105_MOC4_Net1_ImageJ,7,2.686,26.86,"damaged head, full body ",72.49107232
Sarmiento,4,1,Gonostomatidae,MOC4-Net1-Gon-8,SG2105_MOC4_Net1_ImageJ,8,2.112,21.12,NA,37.25353029
Sarmiento,4,1,Gonostomatidae,MOC4-Net1-Gon-9,SG2105_MOC4_Net1_ImageJ,9,2.87,28.7,NA,87.08933193
Sarmiento,4,1,Gonostomatidae,MOC4-Net1-Gon-10,SG2105_MOC4_Net1_ImageJ,10,2.16,21.6,NA,39.6453653
Sarmiento,4,1,Gonostomatidae,MOC4-Net1-Gon-11,SG2105_MOC4_Net1_ImageJ,11,2.209,22.09,NA,42.18595881
Sarmiento,4,1,Gonostomatidae,MOC4-Net1-Gon-12,SG2105_MOC4_Net1_ImageJ,12,2.037,20.37,NA,33.70436477
Sarmiento,4,1,Gonostomatidae,MOC4-Net1-Gon-13,SG2105_MOC4_Net1_ImageJ,13,1.98,19.8,NA,31.15701898
Sarmiento,4,1,Gonostomatidae,MOC4-Net1-Gon-14,SG2105_MOC4_Net1_ImageJ,14,0.607,6.07,body fragment,1.17961279
Sarmiento,4,1,Stomach only,MOC4-Net1-Smch-1,SG2105_MOC4_Net1_ImageJ,N/A,N/A,#VALUE!,NA,
Sarmiento,4,1,Alepocephalidae,MOC4-Net1-Ale-1,SG2105_MOC4_Net1_ImageJ,15,1.875,18.75,NA,
Sarmiento,4,1,Alepocephalidae,MOC4-Net1-Ale-2,SG2105_MOC4_Net1_ImageJ,16,2.099,20.99,NA,
Sarmiento,4,1,Larvae,MOC4-Net1-Lar-1,SG2105_MOC4_Net1_ImageJ,17,0.785,7.85,NA,
Sarmiento,4,1,Larvae,MOC4-Net1-Lar-2,SG2105_MOC4_Net1_ImageJ,18,1.625,16.25,NA,
Sarmiento,4,2,Larvae,MOC4-Net2-Lar-1,SG2105_MOC4_Net2_ImageJ,1,0.838,8.38,NA,
Sarmiento,4,2,Larvae,MOC4-Net2-Lar-2,SG2105_MOC4_Net2_ImageJ,2,0.739,7.39,NA,
Sarmiento,4,2,Larvae,MOC4-Net2-Lar-3,SG2105_MOC4_Net2_ImageJ,3,0.933,9.33,NA,
Sarmiento,4,2,Larvae,MOC4-Net2-Lar-4,SG2105_MOC4_Net2_ImageJ,4,0.494,4.94,NA,
Sarmiento,4,2,Larvae,MOC4-Net2-Lar-5,SG2105_MOC4_Net2_ImageJ,5,1.024,10.24,NA,
Sarmiento,4,2,Larvae,MOC4-Net2-Lar-6,SG2105_MOC4_Net2_ImageJ,6,0.824,8.24,NA,
Sarmiento,4,2,Larvae,MOC4-Net2-Lar-7,SG2105_MOC4_Net2_ImageJ,7,0.74,7.4,NA,
Sarmiento,4,2,Larvae,MOC4-Net2-Lar-8,SG2105_MOC4_Net2_ImageJ,8,0.852,8.52,NA,
Sarmiento,4,2,Larvae,MOC4-Net2-Lar-9,SG2105_MOC4_Net2_ImageJ,9,0.859,8.59,NA,
Sarmiento,4,2,Larvae,MOC4-Net2-Lar-10,SG2105_MOC4_Net2_ImageJ,10,0.799,7.99,NA,
Sarmiento,4,2,Larvae,MOC4-Net2-Lar-11,SG2105_MOC4_Net2_ImageJ,11,0.904,9.04,NA,
Sarmiento,4,3,Myctophidae,MOC4-Net3-Myc-1,SG2105_MOC4_Net3_ImageJ,1,1.139,11.39,NA,14.82237736
Sarmiento,4,3,Myctophidae,MOC4-Net3-Myc-2,SG2105_MOC4_Net3_ImageJ,2,1.292,12.92,NA,21.88895063
Sarmiento,4,3,Myctophidae,MOC4-Net3-Myc-3,SG2105_MOC4_Net3_ImageJ,3,1.247,12.47,NA,19.61575044
Sarmiento,4,3,Larvae,MOC4-Net3-Lar-1,SG2105_MOC4_Net3_ImageJ,4,0.379,3.79,NA,
Sarmiento,4,3,Larvae,MOC4-Net3-Lar-2,SG2105_MOC4_Net3_ImageJ,5,0.402,4.02,NA,
Sarmiento,4,3,Larvae,MOC4-Net3-Lar-3,SG2105_MOC4_Net3_ImageJ,6,0.65,6.5,NA,
Sarmiento,4,3,Larvae,MOC4-Net3-Lar-4,SG2105_MOC4_Net3_ImageJ,7,0.626,6.26,NA,
Sarmiento,4,3,Larvae,MOC4-Net3-Lar-5,SG2105_MOC4_Net3_ImageJ,8,0.394,3.94,NA,
Sarmiento,4,3,Larvae,MOC4-Net3-Lar-6,SG2105_MOC4_Net3_ImageJ,9,0.416,4.16,NA,
Sarmiento,4,3,Larvae,MOC4-Net3-Lar-7,SG2105_MOC4_Net3_ImageJ,10,0.398,3.98,NA,
Sarmiento,4,3,Larvae,MOC4-Net3-Lar-8,SG2105_MOC4_Net3_ImageJ,11,0.422,4.22,NA,
Sarmiento,4,3,Larvae,MOC4-Net3-Lar-9,SG2105_MOC4_Net3_ImageJ,12,0.565,5.65,NA,
Sarmiento,4,3,Larvae,MOC4-Net3-Lar-10,SG2105_MOC4_Net3_ImageJ,13,0.412,4.12,NA,
Sarmiento,4,3,Larvae,MOC4-Net3-Lar-11,SG2105_MOC4_Net3_ImageJ,14,0.353,3.53,NA,
Sarmiento,4,3,Larvae,MOC4-Net3-Lar-12,SG2105_MOC4_Net3_ImageJ,15,0.818,8.18,NA,
Sarmiento,4,3,Larvae,MOC4-Net3-Lar-13,SG2105_MOC4_Net3_ImageJ,16,0.886,8.86,NA,
Sarmiento,4,3,Larvae,MOC4-Net3-Lar-14,SG2105_MOC4_Net3_ImageJ,17,0.619,6.19,NA,
Sarmiento,4,3,Larvae,MOC4-Net3-Lar-15,SG2105_MOC4_Net3_ImageJ,18,0.397,3.97,NA,
Sarmiento,4,3,Larvae,MOC4-Net3-Lar-16,SG2105_MOC4_Net3_ImageJ,19,0.165,1.65,head only,
Sarmiento,4,3,Larvae,MOC4-Net3-Lar-17,SG2105_MOC4_Net3_ImageJ,20,0.648,6.48,body only,
Sarmiento,4,3,Larvae,MOC4-Net3-Lar-18,SG2105_MOC4_Net3_ImageJ,21,0.329,3.29,NA,
Sarmiento,4,3,Larvae,MOC4-Net3-Lar-19,SG2105_MOC4_Net3_ImageJ,22,1.127,11.27,NA,
Sarmiento,4,3,Larvae,MOC4-Net3-Lar-20,SG2105_MOC4_Net3_ImageJ,23,1.947,19.47,NA,
Sarmiento,4,3,Larvae,MOC4-Net3-Lar-21,SG2105_MOC4_Net3_ImageJ,24,2.184,21.84,NA,
Sarmiento,4,3,Larvae,MOC4-Net3-Lar-22,SG2105_MOC4_Net3_ImageJ,25,2.085,20.85,NA,
Sarmiento,4,3,Larvae,MOC4-Net3-Lar-23,SG2105_MOC4_Net3_ImageJ,26,0.528,5.28,NA,
Sarmiento,4,3,Larvae,MOC4-Net3-Lar-24,SG2105_MOC4_Net3_ImageJ,27,0.936,9.36,NA,
Sarmiento,4,3,Larvae,MOC4-Net3-Lar-25,SG2105_MOC4_Net3_ImageJ,28,0.407,4.07,NA,
Sarmiento,4,3,Larvae,MOC4-Net3-Lar-26,SG2105_MOC4_Net3_ImageJ,29,0.472,4.72,NA,
Sarmiento,4,3,Larvae,MOC4-Net3-Lar-27,SG2105_MOC4_Net3_ImageJ,30,0.399,3.99,NA,
Sarmiento,4,3,Larvae,MOC4-Net3-Lar-28,SG2105_MOC4_Net3_ImageJ,31,1.192,11.92,NA,
Sarmiento,4,3,Larvae,MOC4-Net3-Lar-29,SG2105_MOC4_Net3_ImageJ,32,2.125,21.25,NA,
Sarmiento,4,3,Larvae,MOC4-Net3-Lar-30,SG2105_MOC4_Net3_ImageJ,33,1.558,15.58,NA,
Sarmiento,4,3,Larvae,MOC4-Net3-Lar-31,SG2105_MOC4_Net3_ImageJ,34,1.792,17.92,NA,
Sarmiento,4,3,Larvae,MOC4-Net3-Lar-32,SG2105_MOC4_Net3_ImageJ,35,2.37,23.7,NA,
Sarmiento,4,3,Larvae,MOC4-Net3-Lar-33,SG2105_MOC4_Net3_ImageJ,36,0.527,5.27,NA,
Sarmiento,4,3,Larvae,MOC4-Net3-Lar-34,SG2105_MOC4_Net3_ImageJ,37,0.351,3.51,NA,
Sarmiento,4,3,Larvae,MOC4-Net3-Lar-35,SG2105_MOC4_Net3_ImageJ,38,2.193,21.93,NA,
Sarmiento,4,3,Larvae,MOC4-Net3-Lar-36,SG2105_MOC4_Net3_ImageJ,39,2.014,20.14,NA,
Sarmiento,4,3,Larvae,MOC4-Net3-Lar-37,SG2105_MOC4_Net3_ImageJ,40,0.444,4.44,NA,
Sarmiento,4,3,Larvae,MOC4-Net3-Lar-38,SG2105_MOC4_Net3_ImageJ,41,0.543,5.43,NA,
Sarmiento,4,3,Larvae,MOC4-Net3-Lar-39,SG2105_MOC4_Net3_ImageJ,42,0.471,4.71,NA,
Sarmiento,4,3,Larvae,MOC4-Net3-Lar-40,SG2105_MOC4_Net3_ImageJ,43,1.379,13.79,NA,
Sarmiento,4,3,Larvae,MOC4-Net3-Lar-41,SG2105_MOC4_Net3_ImageJ,44,2.469,24.69,NA,
Sarmiento,4,4,Gonostomatidae,MOC4-Net4-Gon-1,SG2105_MOC4_Net4_ImageJ,1,1.773,17.73,"body broken, head present",22.94903751
Sarmiento,4,4,Gonostomatidae,MOC4-Net4-Gon-2,SG2105_MOC4_Net4_ImageJ,2,1.641,16.41,"body broken, head present",18.52361082
Sarmiento,4,4,Larvae,MOC4-Net4-Lar-1,SG2105_MOC4_Net4_ImageJ,3,0.577,5.77,NA,
Sarmiento,4,4,Larvae,MOC4-Net4-Lar-2,SG2105_MOC4_Net4_ImageJ,4,0.379,3.79,NA,
Sarmiento,4,4,Larvae,MOC4-Net4-Lar-3,SG2105_MOC4_Net4_ImageJ,5,0.433,4.33,NA,
Sarmiento,4,4,Larvae,MOC4-Net4-Lar-4,SG2105_MOC4_Net4_ImageJ,6,0.867,8.67,NA,
Sarmiento,4,4,Larvae,MOC4-Net4-Lar-5,SG2105_MOC4_Net4_ImageJ,7,0.62,6.2,NA,
Sarmiento,4,4,Larvae,MOC4-Net4-Lar-6,SG2105_MOC4_Net4_ImageJ,8,0.558,5.58,NA,
Sarmiento,4,4,Larvae,MOC4-Net4-Lar-7,SG2105_MOC4_Net4_ImageJ,9,0.486,4.86,NA,
Sarmiento,4,4,Larvae,MOC4-Net4-Lar-8,SG2105_MOC4_Net4_ImageJ,10,0.506,5.06,NA,
Sarmiento,4,4,Larvae,MOC4-Net4-Lar-9,SG2105_MOC4_Net4_ImageJ,11,0.613,6.13,NA,
Sarmiento,4,4,Larvae,MOC4-Net4-Lar-10,SG2105_MOC4_Net4_ImageJ,12,0.493,4.93,NA,
Sarmiento,4,4,Larvae,MOC4-Net4-Lar-11,SG2105_MOC4_Net4_ImageJ,13,0.5,5,NA,
Sarmiento,5,1,Gonostomatidae,MOC5-Net1-Gon-1,SG2105_MOC5_Net1_ImageJ,1,2.754,27.54,NA,77.68731746
Sarmiento,5,1,Gonostomatidae,MOC5-Net1-Gon-2,SG2105_MOC5_Net1_ImageJ,2,2.258,22.58,headless,44.8282278
Sarmiento,5,1,Gonostomatidae,MOC5-Net1-Gon-3,SG2105_MOC5_Net1_ImageJ,3,1.995,19.95,NA,31.81499631
Sarmiento,5,1,Myctophidae,MOC5-Net1-Myc-1,SG2105_MOC5_Net1_ImageJ,4,0.915,9.15,NA,7.529487748
Sarmiento,5,2,Larvae,MOC5-Net2-Lar-1,SG2105_MOC5_Net2_ImageJ,1,0.728,7.28,NA,
Sarmiento,5,2,Larvae,MOC5-Net2-Lar-2,SG2105_MOC5_Net2_ImageJ,2,0.713,7.13,NA,
Sarmiento,5,2,Larvae,MOC5-Net2-Lar-3,SG2105_MOC5_Net2_ImageJ,3,0.456,4.56,NA,
Sarmiento,5,2,Larvae,MOC5-Net2-Lar-4,SG2105_MOC5_Net2_ImageJ,4,0.755,7.55,NA,
Sarmiento,5,2,Larvae,MOC5-Net2-Lar-5,SG2105_MOC5_Net2_ImageJ,5,0.893,8.93,NA,
Sarmiento,5,3,Sternoptychidae,MOC5-Net3-Ste-1,SG2105_MOC5_Net3_ImageJ,1,1.306,13.06,NA,43.53236056
Sarmiento,5,3,Larvae,MOC5-Net3-Lar-1,SG2105_MOC5_Net3_ImageJ,2,1.16,11.6,NA,
Sarmiento,5,3,Larvae,MOC5-Net3-Lar-2,SG2105_MOC5_Net3_ImageJ,3,1.502,15.02,NA,
Sarmiento,5,3,Larvae,MOC5-Net3-Lar-3,SG2105_MOC5_Net3_ImageJ,4,2.233,22.33,NA,
Sarmiento,5,3,Larvae,MOC5-Net3-Lar-4,SG2105_MOC5_Net3_ImageJ,5,1.909,19.09,NA,
Sarmiento,5,3,Larvae,MOC5-Net3-Lar-5,SG2105_MOC5_Net3_ImageJ,6,2.328,23.28,NA,
Sarmiento,5,3,Larvae,MOC5-Net3-Lar-6,SG2105_MOC5_Net3_ImageJ,7,0.841,8.41,NA,
Sarmiento,5,3,Larvae,MOC5-Net3-Lar-7,SG2105_MOC5_Net3_ImageJ,8,1.236,12.36,NA,
Sarmiento,5,3,Larvae,MOC5-Net3-Lar-8,SG2105_MOC5_Net3_ImageJ,9,0.81,8.1,NA,
Sarmiento,5,3,Larvae,MOC5-Net3-Lar-9,SG2105_MOC5_Net3_ImageJ,10,0.813,8.13,NA,
Sarmiento,5,3,Larvae,MOC5-Net3-Lar-10,SG2105_MOC5_Net3_ImageJ,11,0.486,4.86,NA,
Sarmiento,5,3,Larvae,MOC5-Net3-Lar-11,SG2105_MOC5_Net3_ImageJ,12,0.479,4.79,NA,
Sarmiento,5,4,Larvae,MOC5-Net4-Lar-1,SG2105_MOC5_Net4_ImageJ,1,0.493,4.93,NA,
Sarmiento,5,4,Larvae,MOC5-Net4-Lar-2,SG2105_MOC5_Net4_ImageJ,2,0.497,4.97,NA,
Sarmiento,5,4,Larvae,MOC5-Net4-Lar-3,SG2105_MOC5_Net4_ImageJ,3,0.503,5.03,NA,
Sarmiento,5,4,Larvae,MOC5-Net4-Lar-4,SG2105_MOC5_Net4_ImageJ,4,0.437,4.37,NA,
Sarmiento,5,4,Larvae,MOC5-Net4-Lar-5,SG2105_MOC5_Net4_ImageJ,5,0.476,4.76,NA,
Sarmiento,5,4,Larvae,MOC5-Net4-Lar-6,SG2105_MOC5_Net4_ImageJ,6,0.466,4.66,NA,
Sarmiento,5,4,Larvae,MOC5-Net4-Lar-7,SG2105_MOC5_Net4_ImageJ,7,0.456,4.56,NA,
Sarmiento,5,4,Larvae,MOC5-Net4-Lar-8,SG2105_MOC5_Net4_ImageJ,8,0.329,3.29,NA,
Sarmiento,5,4,Larvae,MOC5-Net4-Lar-9,SG2105_MOC5_Net4_ImageJ,9,0.426,4.26,NA,
Sarmiento,5,4,Larvae,MOC5-Net4-Lar-10,SG2105_MOC5_Net4_ImageJ,10,0.577,5.77,NA,
Sarmiento,5,4,Larvae,MOC5-Net4-Lar-11,SG2105_MOC5_Net4_ImageJ,11,0.188,1.88,NA,
Sarmiento,5,4,Larvae,MOC5-Net4-Lar-12,SG2105_MOC5_Net4_ImageJ,12,0.402,4.02,NA,
Sarmiento,5,4,Larvae,MOC5-Net4-Lar-13,SG2105_MOC5_Net4_ImageJ,13,0.335,3.35,NA,
Sarmiento,5,4,Larvae,MOC5-Net4-Lar-14,SG2105_MOC5_Net4_ImageJ,14,0.536,5.36,NA,
Sarmiento,5,4,Larvae,MOC5-Net4-Lar-15,SG2105_MOC5_Net4_ImageJ,15,0.508,5.08,NA,
Sarmiento,5,4,Larvae,MOC5-Net4-Lar-16,SG2105_MOC5_Net4_ImageJ,16,0.418,4.18,NA,
Sarmiento,5,4,Larvae,MOC5-Net4-Lar-17,SG2105_MOC5_Net4_ImageJ,17,0.442,4.42,NA,
Sarmiento,5,4,Larvae,MOC5-Net4-Lar-18,SG2105_MOC5_Net4_ImageJ,18,0.479,4.79,NA,
Sarmiento,5,4,Larvae,MOC5-Net4-Lar-19,SG2105_MOC5_Net4_ImageJ,19,0.459,4.59,NA,
Sarmiento,5,4,Larvae,MOC5-Net4-Lar-20,SG2105_MOC5_Net4_ImageJ,20,0.435,4.35,NA,
Sarmiento,5,4,Larvae,MOC5-Net4-Lar-21,SG2105_MOC5_Net4_ImageJ,21,0.48,4.8,NA,
Sarmiento,5,4,Larvae,MOC5-Net4-Lar-22,SG2105_MOC5_Net4_ImageJ,22,0.345,3.45,NA,
Sarmiento,6,1,Gonostomatidae,MOC6-Net1-Gon-1,SG2105_MOC6_Net1_ImageJ,1,2.622,26.22,NA,67.80846266
Sarmiento,6,1,Gonostomatidae,MOC6-Net1-Gon-2,SG2105_MOC6_Net1_ImageJ,2,1.949,19.49,NA,29.82489817
Sarmiento,6,1,Gonostomatidae,MOC6-Net1-Gon-3,SG2105_MOC6_Net1_ImageJ,3,1.916,19.16,NA,28.44743669
Sarmiento,6,1,Gonostomatidae,MOC6-Net1-Gon-4,SG2105_MOC6_Net1_ImageJ,4,2.383,23.83,NA,52.0410991
Sarmiento,6,1,Gonostomatidae,MOC6-Net1-Gon-5,SG2105_MOC6_Net1_ImageJ,5,2.058,20.58,NA,34.67529925
Sarmiento,6,1,Gonostomatidae,MOC6-Net1-Gon-6,SG2105_MOC6_Net1_ImageJ,6,2.08,20.8,NA,35.7114399
Sarmiento,6,1,Gonostomatidae,MOC6-Net1-Gon-7,SG2105_MOC6_Net1_ImageJ,7,1.921,19.21,NA,28.65347243
Sarmiento,6,1,Gonostomatidae,MOC6-Net1-Gon-8,SG2105_MOC6_Net1_ImageJ,8,3.38,33.8,NA,136.9809993
Sarmiento,6,1,Paralepididae,MOC6-Net1-Par-1,SG2105_MOC6_Net1_ImageJ,9,1.956,19.56,NA,
Sarmiento,6,1,Unknown ,MOC6-Net1-Unk-1,SG2105_MOC6_Net1_ImageJ,10,1.526,15.26,NA,
Sarmiento,6,2,Sternoptychidae,MOC6-Net2-Ste-1,SG2105_MOC6_Net2_ImageJ,1,2.92,29.2,NA,499.2445248
Sarmiento,6,2,Sternoptychidae,MOC6-Net2-Ste-2,SG2105_MOC6_Net2_ImageJ,2,1.969,19.69,NA,151.1560437
Sarmiento,6,2,Myctophidae,MOC6-Net2-Myc-1,SG2105_MOC6_Net2_ImageJ,3,1.37,13.7,NA,26.24017344
Sarmiento,6,2,Myctophidae,MOC6-Net2-Myc-2,SG2105_MOC6_Net2_ImageJ,4,1.284,12.84,NA,21.47245026
Sarmiento,6,2,Myctophidae,MOC6-Net2-Myc-3,SG2105_MOC6_Net2_ImageJ,5,1.115,11.15,NA,13.87749731
Sarmiento,6,2,Larvae,MOC6-Net2-Lar-1,SG2105_MOC6_Net2_ImageJ,6,0.686,6.86,NA,
Sarmiento,6,3,Sternoptychidae,MOC6-Net3-Ste-1,SG2105_MOC6_Net3_ImageJ,1,1.327,13.27,NA,45.68957762
Sarmiento,6,3,Leptocephalus larvae,MOC6-Net3-Lep-1,SG2105_MOC6_Net3_ImageJ,2,10.028,100.28,NA,
Sarmiento,6,3,Larvae,MOC6-Net3-Lar-1,SG2105_MOC6_Net3_ImageJ,3,0.997,9.97,NA,
Sarmiento,6,3,Larvae,MOC6-Net3-Lar-2,SG2105_MOC6_Net3_ImageJ,4,1.003,10.03,NA,
Sarmiento,6,3,Larvae,MOC6-Net3-Lar-3,SG2105_MOC6_Net3_ImageJ,5,0.785,7.85,NA,
Sarmiento,6,3,Larvae,MOC6-Net3-Lar-4,SG2105_MOC6_Net3_ImageJ,6,1.646,16.46,NA,
Sarmiento,6,3,Larvae,MOC6-Net3-Lar-5,SG2105_MOC6_Net3_ImageJ,7,0.508,5.08,NA,
Sarmiento,6,3,Larvae,MOC6-Net3-Lar-6,SG2105_MOC6_Net3_ImageJ,8,1.941,19.41,NA,
Sarmiento,6,3,Larvae,MOC6-Net3-Lar-7,SG2105_MOC6_Net3_ImageJ,9,0.47,4.7,NA,
Sarmiento,6,3,Larvae,MOC6-Net3-Lar-8,SG2105_MOC6_Net3_ImageJ,10,0.593,5.93,NA,
Sarmiento,6,3,Larvae,MOC6-Net3-Lar-9,SG2105_MOC6_Net3_ImageJ,11,0.73,7.3,NA,
Sarmiento,6,3,Larvae,MOC6-Net3-Lar-10,SG2105_MOC6_Net3_ImageJ,12,0.42,4.2,NA,
Sarmiento,6,3,Larvae,MOC6-Net3-Lar-11,SG2105_MOC6_Net3_ImageJ,13,0.477,4.77,NA,
Sarmiento,6,3,Larvae,MOC6-Net3-Lar-12,SG2105_MOC6_Net3_ImageJ,14,0.498,4.98,NA,
Sarmiento,6,3,Larvae,MOC6-Net3-Lar-13,SG2105_MOC6_Net3_ImageJ,15,2.681,26.81,NA,
Sarmiento,6,3,Larvae,MOC6-Net3-Lar-14,SG2105_MOC6_Net3_ImageJ,16,1.525,15.25,NA,
Sarmiento,6,3,Larvae,MOC6-Net3-Lar-15,SG2105_MOC6_Net3_ImageJ,17,2.243,22.43,NA,
Sarmiento,6,3,Larvae,MOC6-Net3-Lar-16,SG2105_MOC6_Net3_ImageJ,18,2.142,21.42,NA,
Sarmiento,6,3,Larvae,MOC6-Net3-Lar-17,SG2105_MOC6_Net3_ImageJ,19,0.64,6.4,NA,
Sarmiento,6,3,Larvae,MOC6-Net3-Lar-18,SG2105_MOC6_Net3_ImageJ,20,2.069,20.69,NA,
Sarmiento,6,3,Larvae,MOC6-Net3-Lar-19,SG2105_MOC6_Net3_ImageJ,21,0.474,4.74,NA,
Sarmiento,6,3,Larvae,MOC6-Net3-Lar-20,SG2105_MOC6_Net3_ImageJ,22,0.423,4.23,NA,
Sarmiento,6,3,Larvae,MOC6-Net3-Lar-21,SG2105_MOC6_Net3_ImageJ,23,0.578,5.78,NA,
Sarmiento,6,3,Larvae,MOC6-Net3-Lar-22,SG2105_MOC6_Net3_ImageJ,24,0.453,4.53,NA,
Sarmiento,6,3,Larvae,MOC6-Net3-Lar-23,SG2105_MOC6_Net3_ImageJ,25,0.395,3.95,NA,
Sarmiento,6,3,Larvae,MOC6-Net3-Lar-24,SG2105_MOC6_Net3_ImageJ,26,1.141,11.41,NA,
Sarmiento,6,3,Larvae,MOC6-Net3-Lar-25,SG2105_MOC6_Net3_ImageJ,27,1.028,10.28,NA,
Sarmiento,6,3,Larvae,MOC6-Net3-Lar-26,SG2105_MOC6_Net3_ImageJ,28,0.339,3.39,NA,
Sarmiento,6,3,Larvae,MOC6-Net3-Lar-27,SG2105_MOC6_Net3_ImageJ,29,0.606,6.06,NA,
Sarmiento,6,3,Larvae,MOC6-Net3-Lar-28,SG2105_MOC6_Net3_ImageJ,30,0.58,5.8,NA,
Sarmiento,6,3,Larvae,MOC6-Net3-Lar-29,SG2105_MOC6_Net3_ImageJ,31,0.78,7.8,NA,
Sarmiento,6,3,Larvae,MOC6-Net3-Lar-30,SG2105_MOC6_Net3_ImageJ,32,1.273,12.73,NA,
Sarmiento,6,3,Larvae,MOC6-Net3-Lar-31,SG2105_MOC6_Net3_ImageJ,33,0.636,6.36,NA,
Sarmiento,6,3,Larvae,MOC6-Net3-Lar-32,SG2105_MOC6_Net3_ImageJ,34,0.469,4.69,NA,
Sarmiento,6,3,Larvae,MOC6-Net3-Lar-33,SG2105_MOC6_Net3_ImageJ,35,0.47,4.7,NA,
Sarmiento,6,3,Larvae,MOC6-Net3-Lar-34,SG2105_MOC6_Net3_ImageJ,36,0.476,4.76,NA,
Sarmiento,6,3,Larvae,MOC6-Net3-Lar-35,SG2105_MOC6_Net3_ImageJ,37,0.607,6.07,NA,
Sarmiento,6,3,Larvae,MOC6-Net3-Lar-36,SG2105_MOC6_Net3_ImageJ,38,0.465,4.65,NA,
Sarmiento,6,3,Larvae,MOC6-Net3-Lar-37,SG2105_MOC6_Net3_ImageJ,39,0.5,5,NA,
Sarmiento,6,3,Larvae,MOC6-Net3-Lar-38,SG2105_MOC6_Net3_ImageJ,40,1.752,17.52,NA,
Sarmiento,6,3,Larvae,MOC6-Net3-Lar-39,SG2105_MOC6_Net3_ImageJ,41,0.573,5.73,NA,
Sarmiento,6,3,Larvae,MOC6-Net3-Lar-40,SG2105_MOC6_Net3_ImageJ,42,0.745,7.45,NA,
Sarmiento,6,3,Larvae,MOC6-Net3-Lar-41,SG2105_MOC6_Net3_ImageJ,43,0.338,3.38,NA,
Sarmiento,6,3,Larvae,MOC6-Net3-Lar-42,SG2105_MOC6_Net3_ImageJ,44,0.831,8.31,NA,
Sarmiento,6,3,Larvae,MOC6-Net3-Lar-43,SG2105_MOC6_Net3_ImageJ,45,0.457,4.57,NA,
Sarmiento,6,3,Larvae,MOC6-Net3-Lar-44,SG2105_MOC6_Net3_ImageJ,46,0.466,4.66,NA,
Sarmiento,6,3,Larvae,MOC6-Net3-Lar-45,SG2105_MOC6_Net3_ImageJ,47,0.264,2.64,NA,
Sarmiento,6,4,Leptocephalus larvae,MOC6-Net4-Lep-1,SG2105_MOC6_Net4_ImageJ,1,10.209,102.09,NA,
Sarmiento,6,4,Stomiidae,MOC6-Net4-Sto-1,SG2105_MOC6_Net4_ImageJ,2,3.797,37.97,NA,
Sarmiento,6,4,Stomiidae,MOC6-Net4-Sto-2,SG2105_MOC6_Net4_ImageJ,3,4.273,42.73,NA,
Sarmiento,6,4,Myctophidae,MOC6-Net4-Myc-1,SG2105_MOC6_Net4_ImageJ,4,1.336,13.36,NA,24.27780182
Sarmiento,6,4,Myctophidae,MOC6-Net4-Myc-2,SG2105_MOC6_Net4_ImageJ,5,1.413,14.13,NA,28.87218778
Sarmiento,6,4,Myctophidae,MOC6-Net4-Myc-3,SG2105_MOC6_Net4_ImageJ,6,1.014,10.14,NA,10.34583105
Sarmiento,6,4,Myctophidae,MOC6-Net4-Myc-4,SG2105_MOC6_Net4_ImageJ,7,2.781,27.81,NA,234.4248493
Sarmiento,6,4,Myctophidae,MOC6-Net4-Myc-5,SG2105_MOC6_Net4_ImageJ,8,2.638,26.38,NA,199.1099284
Sarmiento,6,4,Myctophidae,MOC6-Net4-Myc-6,SG2105_MOC6_Net4_ImageJ,9,2.031,20.31,NA,88.68226568
Sarmiento,6,4,Myctophidae,MOC6-Net4-Myc-7,SG2105_MOC6_Net4_ImageJ,10,2.365,23.65,NA,142.0200688
Sarmiento,6,4,Myctophidae,MOC6-Net4-Myc-8,SG2105_MOC6_Net4_ImageJ,11,0.915,9.15,NA,7.529487748
Sarmiento,6,4,Myctophidae,MOC6-Net4-Myc-9,SG2105_MOC6_Net4_ImageJ,12,0.99,9.9,NA,9.607040994
Sarmiento,6,4,Myctophidae,MOC6-Net4-Myc-10,SG2105_MOC6_Net4_ImageJ,13,2.426,24.26,NA,153.6587234
Sarmiento,6,4,Myctophidae,MOC6-Net4-Myc-11,SG2105_MOC6_Net4_ImageJ,14,0.766,7.66,"body broken, head present",4.345198005
Sarmiento,6,4,Myctophidae,MOC6-Net4-Myc-12,SG2105_MOC6_Net4_ImageJ,15,1.214,12.14,NA,18.05420565
Sarmiento,6,4,Myctophidae,MOC6-Net4-Myc-13,SG2105_MOC6_Net4_ImageJ,16,2.384,23.84,NA,145.5788289
Sarmiento,6,4,Myctophidae,MOC6-Net4-Myc-14,SG2105_MOC6_Net4_ImageJ,17,2.489,24.89,NA,166.339347
Sarmiento,6,4,Myctophidae,MOC6-Net4-Myc-15,SG2105_MOC6_Net4_ImageJ,18,0.725,7.25,head only,3.665349916
Sarmiento,6,4,Myctophidae,MOC6-Net4-Myc-16,SG2105_MOC6_Net4_ImageJ,19,1.303,13.03,body only,22.470517
Sarmiento,6,4,Myctophidae,MOC6-Net4-Myc-17,SG2105_MOC6_Net4_ImageJ,20,0.858,8.58,head only,6.171150931
Sarmiento,6,4,Myctophidae,MOC6-Net4-Myc-18,SG2105_MOC6_Net4_ImageJ,21,1.386,13.86,body only,27.19967146
Sarmiento,6,4,Myctophidae,MOC6-Net4-Myc-19,SG2105_MOC6_Net4_ImageJ,22,1.204,12.04,head only,17.5981782
Sarmiento,6,4,Myctophidae,MOC6-Net4-Myc-20,SG2105_MOC6_Net4_ImageJ,23,1.608,16.08,body only,43.06582015
Sarmiento,6,4,Myctophidae,MOC6-Net4-Myc-21,SG2105_MOC6_Net4_ImageJ,24,0.734,7.34,head only,3.807920741
Sarmiento,6,4,Myctophidae,MOC6-Net4-Myc-22,SG2105_MOC6_Net4_ImageJ,25,2.568,25.68,NA,183.217681
Sarmiento,6,4,Larvae,MOC6-Net4-Lar-1,SG2105_MOC6_Net4_ImageJ,26,2.184,21.84,headless,
Sarmiento,7,1,Gonostomatidae,MOC7-Net1-Gon-1,SG2105_MOC7_Net1_ImageJ,1,3.165,31.65,NA,114.18914
Sarmiento,7,1,Gonostomatidae,MOC7-Net1-Gon-2,SG2105_MOC7_Net1_ImageJ,2,3.085,30.85,NA,106.374504
Sarmiento,7,1,Gonostomatidae,MOC7-Net1-Gon-3,SG2105_MOC7_Net1_ImageJ,3,2.838,28.38,NA,84.42698844
Sarmiento,7,1,Gonostomatidae,MOC7-Net1-Gon-4,SG2105_MOC7_Net1_ImageJ,4,1.846,18.46,body fragment,25.66170778
Sarmiento,7,1,Myctophidae,MOC7-Net1-Myc-1,SG2105_MOC7_Net1_ImageJ,5,2.738,27.38,NA,223.3940639
Sarmiento,7,1,Larvae,MOC7-Net1-Lar-1,SG2105_MOC7_Net1_ImageJ,6,0.753,7.53,NA,
Sarmiento,7,1,Larvae,MOC7-Net1-Lar-2,SG2105_MOC7_Net1_ImageJ,7,0.631,6.31,NA,
Sarmiento,7,1,Alepocephalidae,MOC7-Net1-Ale-1,SG2105_MOC7_Net1_ImageJ,8,2.067,20.67,NA,
Sarmiento,7,1,Alepocephalidae,MOC7-Net1-Ale-2,SG2105_MOC7_Net1_ImageJ,9,1.729,17.29,NA,
Sarmiento,7,1,Alepocephalidae,MOC7-Net1-Ale-3,SG2105_MOC7_Net1_ImageJ,10,0.945,9.45,head only,
Sarmiento,7,1,Alepocephalidae,MOC7-Net1-Ale-4,SG2105_MOC7_Net1_ImageJ,11,1.772,17.72,NA,
Sarmiento,7,2,Stomiidae,MOC7-Net2-Sto-1,SG2105_MOC7_Net2_ImageJ,1,3.328,33.28,NA,
Sarmiento,7,2,Sternoptychidae,MOC7-Net2-Ste-1,SG2105_MOC7_Net2_ImageJ,2,2.109,21.09,NA,186.1541381
Sarmiento,7,2,Sternoptychidae,MOC7-Net2-Ste-2,SG2105_MOC7_Net2_ImageJ,3,1.108,11.08,NA,26.44338564
Sarmiento,7,2,Paralepididae,MOC7-Net2-Par-1,SG2105_MOC7_Net2_ImageJ,4,3.336,33.36,NA,
Sarmiento,7,2,Larvae,MOC7-Net2-Lar-1,SG2105_MOC7_Net2_ImageJ,5,0.521,5.21,NA,
Sarmiento,7,2,Larvae,MOC7-Net2-Lar-2,SG2105_MOC7_Net2_ImageJ,6,0.729,7.29,NA,
Sarmiento,7,2,Larvae,MOC7-Net2-Lar-3,SG2105_MOC7_Net2_ImageJ,7,0.789,7.89,NA,
Sarmiento,7,2,Larvae,MOC7-Net2-Lar-4,SG2105_MOC7_Net2_ImageJ,8,0.626,6.26,NA,
Sarmiento,7,2,Larvae,MOC7-Net2-Lar-5,SG2105_MOC7_Net2_ImageJ,9,0.697,6.97,NA,
Sarmiento,7,2,Larvae,MOC7-Net2-Lar-6,SG2105_MOC7_Net2_ImageJ,10,0.858,8.58,NA,
Sarmiento,7,2,Larvae,MOC7-Net2-Lar-7,SG2105_MOC7_Net2_ImageJ,11,0.908,9.08,NA,
Sarmiento,7,2,Larvae,MOC7-Net2-Lar-8,SG2105_MOC7_Net2_ImageJ,12,0.806,8.06,NA,
Sarmiento,7,2,Larvae,MOC7-Net2-Lar-9,SG2105_MOC7_Net2_ImageJ,13,0.767,7.67,NA,
Sarmiento,7,2,Larvae,MOC7-Net2-Lar-10,SG2105_MOC7_Net2_ImageJ,14,0.797,7.97,NA,
Sarmiento,7,2,Larvae,MOC7-Net2-Lar-11,SG2105_MOC7_Net2_ImageJ,15,0.469,4.69,NA,
Sarmiento,7,3,Larvae,MOC7-Net3-Lar-1,SG2105_MOC7_Net3_ImageJ,1,2.04,20.4,NA,
Sarmiento,7,3,Larvae,MOC7-Net3-Lar-2,SG2105_MOC7_Net3_ImageJ,2,0.561,5.61,NA,
Sarmiento,7,3,Larvae,MOC7-Net3-Lar-3,SG2105_MOC7_Net3_ImageJ,3,0.81,8.1,NA,
Sarmiento,7,3,Larvae,MOC7-Net3-Lar-4,SG2105_MOC7_Net3_ImageJ,4,0.388,3.88,NA,
Sarmiento,7,3,Larvae,MOC7-Net3-Lar-5,SG2105_MOC7_Net3_ImageJ,5,0.523,5.23,NA,
Sarmiento,7,3,Larvae,MOC7-Net3-Lar-6,SG2105_MOC7_Net3_ImageJ,6,0.732,7.32,NA,
Sarmiento,7,3,Larvae,MOC7-Net3-Lar-7,SG2105_MOC7_Net3_ImageJ,7,0.474,4.74,NA,
Sarmiento,7,3,Larvae,MOC7-Net3-Lar-8,SG2105_MOC7_Net3_ImageJ,8,0.832,8.32,NA,
Sarmiento,7,3,Larvae,MOC7-Net3-Lar-9,SG2105_MOC7_Net3_ImageJ,9,0.42,4.2,NA,
Sarmiento,7,3,Larvae,MOC7-Net3-Lar-10,SG2105_MOC7_Net3_ImageJ,10,0.568,5.68,NA,
Sarmiento,7,3,Larvae,MOC7-Net3-Lar-11,SG2105_MOC7_Net3_ImageJ,11,0.741,7.41,NA,
Sarmiento,7,3,Larvae,MOC7-Net3-Lar-12,SG2105_MOC7_Net3_ImageJ,12,0.373,3.73,NA,
Sarmiento,7,3,Larvae,MOC7-Net3-Lar-13,SG2105_MOC7_Net3_ImageJ,13,0.616,6.16,NA,
Sarmiento,7,3,Larvae,MOC7-Net3-Lar-14,SG2105_MOC7_Net3_ImageJ,14,0.498,4.98,NA,
Sarmiento,7,3,Larvae,MOC7-Net3-Lar-15,SG2105_MOC7_Net3_ImageJ,15,0.639,6.39,NA,
Sarmiento,7,4,Myctophidae,MOC7-Net4-Myc-1,SG2105_MOC7_Net4_ImageJ,1,2.378,23.78,NA,144.4485677
Sarmiento,7,4,Larvae,MOC7-Net4-Lar-1,SG2105_MOC7_Net4_ImageJ,2,0.822,8.22,NA,
Sarmiento,8,1,Gonostomatidae,MOC8-Net1-Gon-1,SG2105_MOC8_Net1_ImageJ,1,1.248,12.48,NA,8.679769133
Sarmiento,8,1,Gonostomatidae,MOC8-Net1-Gon-2,SG2105_MOC8_Net1_ImageJ,2,1.006,10.06,broken body and mangled head,4.778414236
Sarmiento,8,1,Gonostomatidae,MOC8-Net1-Gon-3,SG2105_MOC8_Net1_ImageJ,3,1.706,17.06,NA,20.62718256
Sarmiento,8,1,Gonostomatidae,MOC8-Net1-Gon-4,SG2105_MOC8_Net1_ImageJ,4,1.63,16.3,NA,18.18182459
Sarmiento,8,1,Gonostomatidae,MOC8-Net1-Gon-5,SG2105_MOC8_Net1_ImageJ,5,1.234,12.34,body fragment,8.412821304
Sarmiento,8,1,Gonostomatidae,MOC8-Net1-Gon-6,SG2105_MOC8_Net1_ImageJ,6,0.759,7.59,body fragment,2.190178263
Sarmiento,8,1,Gonostomatidae,MOC8-Net1-Gon-7,SG2105_MOC8_Net1_ImageJ,7,0.992,9.92,body fragment,4.596537496
Sarmiento,8,1,Gonostomatidae,MOC8-Net1-Gon-8,SG2105_MOC8_Net1_ImageJ,8,1.786,17.86,body fragment,23.41799639
Sarmiento,8,1,Gonostomatidae,MOC8-Net1-Gon-9,SG2105_MOC8_Net1_ImageJ,9,0.574,5.74,body fragment,1.010455093
Sarmiento,8,1,Gonostomatidae,MOC8-Net1-Gon-10,SG2105_MOC8_Net1_ImageJ,10,3.17,31.7,NA,114.6893481
Sarmiento,8,1,Gonostomatidae,MOC8-Net1-Gon-11,SG2105_MOC8_Net1_ImageJ,11,2.729,27.29,NA,75.75019886
Sarmiento,8,1,Gonostomatidae,MOC8-Net1-Gon-12,SG2105_MOC8_Net1_ImageJ,12,3.207,32.07,NA,118.4344389
Sarmiento,8,1,Gonostomatidae,MOC8-Net1-Gon-13,SG2105_MOC8_Net1_ImageJ,13,2.368,23.68,NA,51.13907978
Sarmiento,8,1,Gonostomatidae,MOC8-Net1-Gon-14,SG2105_MOC8_Net1_ImageJ,14,2.865,28.65,NA,86.66985645
Sarmiento,8,1,Gonostomatidae,MOC8-Net1-Gon-15,SG2105_MOC8_Net1_ImageJ,15,3.053,30.53,NA,103.3471508
Sarmiento,8,1,Gonostomatidae,MOC8-Net1-Gon-16,SG2105_MOC8_Net1_ImageJ,16,2.989,29.89,NA,97.45884176
Sarmiento,8,1,Gonostomatidae,MOC8-Net1-Gon-17,SG2105_MOC8_Net1_ImageJ,17,3.091,30.91,NA,106.9483607
Sarmiento,8,1,Gonostomatidae,MOC8-Net1-Gon-18,SG2105_MOC8_Net1_ImageJ,18,1.617,16.17,NA,17.78312299
Sarmiento,8,1,Gonostomatidae,MOC8-Net1-Gon-19,SG2105_MOC8_Net1_ImageJ,19,1.478,14.78,NA,13.86495597
Sarmiento,8,1,Gonostomatidae,MOC8-Net1-Gon-20,SG2105_MOC8_Net1_ImageJ,20,2.867,28.67,NA,86.83749138
Sarmiento,8,1,Gonostomatidae,MOC8-Net1-Gon-21,SG2105_MOC8_Net1_ImageJ,21,2.523,25.23,NA,60.95352884
Sarmiento,8,1,Gonostomatidae,MOC8-Net1-Gon-22,SG2105_MOC8_Net1_ImageJ,22,0.636,6.36,body fragment,1.342340644
Sarmiento,8,1,Gonostomatidae,MOC8-Net1-Gon-23,SG2105_MOC8_Net1_ImageJ,23,3.042,30.42,NA,102.3193656
Sarmiento,8,1,Gonostomatidae,MOC8-Net1-Gon-24,SG2105_MOC8_Net1_ImageJ,24,2.716,27.16,NA,74.75521725
Sarmiento,8,1,Gonostomatidae,MOC8-Net1-Gon-25,SG2105_MOC8_Net1_ImageJ,25,2.761,27.61,NA,78.23532067
Sarmiento,8,1,Gonostomatidae,MOC8-Net1-Gon-26,SG2105_MOC8_Net1_ImageJ,26,4.555,45.55,NA,312.927921
Sarmiento,8,1,Gonostomatidae,MOC8-Net1-Gon-27,SG2105_MOC8_Net1_ImageJ,27,1.896,18.96,NA,27.6327642
Sarmiento,8,1,Larvae,MOC8-Net1-Lar-1,SG2105_MOC8_Net1_ImageJ,28,2.004,20.04,NA,
Sarmiento,8,1,Larvae,MOC8-Net1-Lar-2,SG2105_MOC8_Net1_ImageJ,29,0.883,8.83,NA,
Sarmiento,8,1,Larvae,MOC8-Net1-Lar-3,SG2105_MOC8_Net1_ImageJ,30,0.791,7.91,NA,
Sarmiento,8,1,Alepocephalidae,MOC8-Net1-Ale-1,SG2105_MOC8_Net1_ImageJ,31,1.704,17.04,NA,
Sarmiento,8,1,Myctophidae,MOC8-Net1-Myc-1,SG2105_MOC8_Net1_ImageJ,32,2.784,27.84,NA,235.2079075
Sarmiento,8,1,Myctophidae,MOC8-Net1-Myc-2,SG2105_MOC8_Net1_ImageJ,33,3.441,34.41,NA,452.9556481
Sarmiento,8,2,Gonostomatidae,MOC8-Net2-Gon-1,SG2105_MOC8_Net2_ImageJ,1,2.12,21.2,NA,37.64557942
Sarmiento,8,2,Gonostomatidae,MOC8-Net2-Gon-2,SG2105_MOC8_Net2_ImageJ,2,2.118,21.18,NA,37.54732126
Sarmiento,8,2,Gonostomatidae,MOC8-Net2-Gon-3,SG2105_MOC8_Net2_ImageJ,3,1.764,17.64,NA,22.62791597
Sarmiento,8,2,Gonostomatidae,MOC8-Net2-Gon-4,SG2105_MOC8_Net2_ImageJ,4,2.308,23.08,NA,47.63102524
Sarmiento,8,2,Gonostomatidae,MOC8-Net2-Gon-5,SG2105_MOC8_Net2_ImageJ,5,1.592,15.92,NA,17.03218358
Sarmiento,8,2,Gonostomatidae,MOC8-Net2-Gon-6,SG2105_MOC8_Net2_ImageJ,6,2.085,20.85,NA,35.94964989
Sarmiento,8,2,Gonostomatidae,MOC8-Net2-Gon-7,SG2105_MOC8_Net2_ImageJ,7,2.299,22.99,NA,47.11849371
Sarmiento,8,2,Gonostomatidae,MOC8-Net2-Gon-8,SG2105_MOC8_Net2_ImageJ,8,1.779,17.79,NA,23.16472705
Sarmiento,8,2,Gonostomatidae,MOC8-Net2-Gon-9,SG2105_MOC8_Net2_ImageJ,9,1.56,15.6,headless,16.10096848
Sarmiento,8,2,Gonostomatidae,MOC8-Net2-Gon-10,SG2105_MOC8_Net2_ImageJ,10,0.911,9.11,body fragment,3.630750224
Sarmiento,8,2,Gonostomatidae,MOC8-Net2-Gon-11,SG2105_MOC8_Net2_ImageJ,11,1.647,16.47,NA,18.71175675
Sarmiento,8,2,Gonostomatidae,MOC8-Net2-Gon-12,SG2105_MOC8_Net2_ImageJ,12,2.036,20.36,NA,33.65856856
Sarmiento,8,2,Gonostomatidae,MOC8-Net2-Gon-13,SG2105_MOC8_Net2_ImageJ,13,1.833,18.33,NA,25.16441579
Sarmiento,8,2,Gonostomatidae,MOC8-Net2-Gon-14,SG2105_MOC8_Net2_ImageJ,14,1.652,16.52,NA,18.86947408
Sarmiento,8,2,Gonostomatidae,MOC8-Net2-Gon-15,SG2105_MOC8_Net2_ImageJ,15,2.243,22.43,head damaged,44.00846751
Sarmiento,8,2,Gonostomatidae,MOC8-Net2-Gon-16,SG2105_MOC8_Net2_ImageJ,16,1.619,16.19,headless,17.84409436
Sarmiento,8,2,Gonostomatidae,MOC8-Net2-Gon-17,SG2105_MOC8_Net2_ImageJ,17,0.667,6.67,body fragment,1.531420376
Sarmiento,8,2,Gonostomatidae,MOC8-Net2-Gon-18,SG2105_MOC8_Net2_ImageJ,18,0.52,5.2,body fragment,0.768605071
Sarmiento,8,2,Gonostomatidae,MOC8-Net2-Gon-19,SG2105_MOC8_Net2_ImageJ,19,1.442,14.42,"body broken, head attached",12.94985164
Sarmiento,8,2,Larvae,MOC8-Net2-Lar-1,SG2105_MOC8_Net2_ImageJ,20,0.851,8.51,NA,
Sarmiento,8,2,Larvae,MOC8-Net2-Lar-2,SG2105_MOC8_Net2_ImageJ,21,0.704,7.04,NA,
Sarmiento,8,2,Larvae,MOC8-Net2-Lar-3,SG2105_MOC8_Net2_ImageJ,22,0.534,5.34,NA,
Sarmiento,8,2,Larvae,MOC8-Net2-Lar-4,SG2105_MOC8_Net2_ImageJ,23,0.546,5.46,NA,
Sarmiento,8,2,Larvae,MOC8-Net2-Lar-5,SG2105_MOC8_Net2_ImageJ,24,0.584,5.84,NA,
Sarmiento,8,2,Larvae,MOC8-Net2-Lar-6,SG2105_MOC8_Net2_ImageJ,25,0.89,8.9,NA,
Sarmiento,8,2,Larvae,MOC8-Net2-Lar-7,SG2105_MOC8_Net2_ImageJ,26,0.654,6.54,NA,
Sarmiento,8,2,Larvae,MOC8-Net2-Lar-8,SG2105_MOC8_Net2_ImageJ,27,0.796,7.96,NA,
Sarmiento,8,2,Larvae,MOC8-Net2-Lar-9,SG2105_MOC8_Net2_ImageJ,28,0.821,8.21,NA,
Sarmiento,8,3,Leptocephalus larvae,MOC8-Net3-Lep-1,SG2105_MOC8_Net3_ImageJ,1,8.863,88.63,NA,
Sarmiento,8,3,Sternoptychidae,MOC8-Net3-Ste-1,SG2105_MOC8_Net3_ImageJ,2,1.413,14.13,NA,55.2717913
Sarmiento,8,3,Larvae,MOC8-Net3-Lar-1,SG2105_MOC8_Net3_ImageJ,3,1.293,12.93,"body broken, head present",
Sarmiento,8,3,Larvae,MOC8-Net3-Lar-2,SG2105_MOC8_Net3_ImageJ,4,2.054,20.54,NA,
Sarmiento,8,3,Larvae,MOC8-Net3-Lar-3,SG2105_MOC8_Net3_ImageJ,5,2.471,24.71,NA,
Sarmiento,8,3,Larvae,MOC8-Net3-Lar-4,SG2105_MOC8_Net3_ImageJ,6,2.342,23.42,NA,
Sarmiento,8,3,Larvae,MOC8-Net3-Lar-5,SG2105_MOC8_Net3_ImageJ,7,0.766,7.66,NA,
Sarmiento,8,3,Larvae,MOC8-Net3-Lar-6,SG2105_MOC8_Net3_ImageJ,8,0.721,7.21,NA,
Sarmiento,8,3,Larvae,MOC8-Net3-Lar-7,SG2105_MOC8_Net3_ImageJ,9,1.157,11.57,NA,
Sarmiento,8,3,Larvae,MOC8-Net3-Lar-8,SG2105_MOC8_Net3_ImageJ,10,0.379,3.79,NA,
Sarmiento,8,3,Larvae,MOC8-Net3-Lar-9,SG2105_MOC8_Net3_ImageJ,11,0.88,8.8,NA,
Sarmiento,8,3,Larvae,MOC8-Net3-Lar-10,SG2105_MOC8_Net3_ImageJ,12,0.186,1.86,NA,
Sarmiento,8,3,Larvae,MOC8-Net3-Lar-11,SG2105_MOC8_Net3_ImageJ,13,0.481,4.81,NA,
Sarmiento,8,3,Larvae,MOC8-Net3-Lar-12,SG2105_MOC8_Net3_ImageJ,14,0.531,5.31,NA,
Sarmiento,8,4,Myctophidae,MOC8-Net4-Myc-1,SG2105_MOC8_Net4_ImageJ_1,1,2.222,22.22,NA,117.1033577
Sarmiento,8,4,Myctophidae,MOC8-Net4-Myc-2,SG2105_MOC8_Net4_ImageJ_1,2,2.621,26.21,NA,195.1679421
Sarmiento,8,4,Myctophidae,MOC8-Net4-Myc-3,SG2105_MOC8_Net4_ImageJ_1,3,2.584,25.84,NA,186.771548
Sarmiento,8,4,Myctophidae,MOC8-Net4-Myc-4,SG2105_MOC8_Net4_ImageJ_1,4,1.598,15.98,NA,42.2428248
Sarmiento,8,4,Myctophidae,MOC8-Net4-Myc-5,SG2105_MOC8_Net4_ImageJ_1,5,1.435,14.35,NA,30.28537231
Sarmiento,8,4,Myctophidae,MOC8-Net4-Myc-6,SG2105_MOC8_Net4_ImageJ_1,6,2.527,25.27,NA,174.3203143
Sarmiento,8,4,Myctophidae,MOC8-Net4-Myc-7,SG2105_MOC8_Net4_ImageJ_1,7,1.439,14.39,NA,30.54724321
Sarmiento,8,4,Myctophidae,MOC8-Net4-Myc-8,SG2105_MOC8_Net4_ImageJ_1,8,2.425,24.25,NA,153.4629025
Sarmiento,8,4,Myctophidae,MOC8-Net4-Myc-9,SG2105_MOC8_Net4_ImageJ_1,9,1.718,17.18,NA,52.84654744
Sarmiento,8,4,Myctophidae,MOC8-Net4-Myc-10,SG2105_MOC8_Net4_ImageJ_1,10,4.593,45.93,NA,1106.507323
Sarmiento,8,4,Myctophidae,MOC8-Net4-Myc-11,SG2105_MOC8_Net4_ImageJ_1,11,2.652,26.52,NA,202.3964466
Sarmiento,8,4,Myctophidae,MOC8-Net4-Myc-12,SG2105_MOC8_Net4_ImageJ_1,12,2.835,28.35,NA,248.7921147
Sarmiento,8,4,Myctophidae,MOC8-Net4-Myc-13,SG2105_MOC8_Net4_ImageJ_1,13,2.345,23.45,NA,138.338102
Sarmiento,8,4,Myctophidae,MOC8-Net4-Myc-14,SG2105_MOC8_Net4_ImageJ_1,14,2.337,23.37,NA,136.8835893
Sarmiento,8,4,Myctophidae,MOC8-Net4-Myc-15,SG2105_MOC8_Net4_ImageJ_1,15,2.077,20.77,NA,95.04320452
Sarmiento,8,4,Myctophidae,MOC8-Net4-Myc-16,SG2105_MOC8_Net4_ImageJ_1,16,2.317,23.17,NA,133.2926522
Sarmiento,8,4,Myctophidae,MOC8-Net4-Myc-17,SG2105_MOC8_Net4_ImageJ_1,17,2.684,26.84,NA,210.0459418
Sarmiento,8,4,Myctophidae,MOC8-Net4-Myc-18,SG2105_MOC8_Net4_ImageJ_1,18,1.903,19.03,NA,72.50937457
Sarmiento,8,4,Myctophidae,MOC8-Net4-Myc-19,SG2105_MOC8_Net4_ImageJ_1,19,1.214,12.14,NA,18.05420565
Sarmiento,8,4,Myctophidae,MOC8-Net4-Myc-20,SG2105_MOC8_Net4_ImageJ_1,20,2.734,27.34,NA,222.3861719
Sarmiento,8,4,Myctophidae,MOC8-Net4-Myc-21,SG2105_MOC8_Net4_ImageJ_1,21,2.732,27.32,NA,221.8833819
Sarmiento,8,4,Myctophidae,MOC8-Net4-Myc-22,SG2105_MOC8_Net4_ImageJ_1,22,2.811,28.11,NA,242.3352452
Sarmiento,8,4,Myctophidae,MOC8-Net4-Myc-23,SG2105_MOC8_Net4_ImageJ_1,23,2.751,27.51,NA,226.6910547
Sarmiento,8,4,Myctophidae,MOC8-Net4-Myc-24,SG2105_MOC8_Net4_ImageJ_1,24,2.62,26.2,NA,194.9377195
Sarmiento,8,4,Myctophidae,MOC8-Net4-Myc-25,SG2105_MOC8_Net4_ImageJ_1,25,2.692,26.92,NA,211.988418
Sarmiento,8,4,Myctophidae,MOC8-Net4-Myc-26,SG2105_MOC8_Net4_ImageJ_1,26,2.168,21.68,NA,108.5228857
Sarmiento,8,4,Myctophidae,MOC8-Net4-Myc-27,SG2105_MOC8_Net4_ImageJ_1,27,1.073,10.73,NA,12.32352434
Sarmiento,8,4,Myctophidae,MOC8-Net4-Myc-28,SG2105_MOC8_Net4_ImageJ_1,28,2.102,21.02,NA,98.62635076
Sarmiento,8,4,Myctophidae,MOC8-Net4-Myc-29,SG2105_MOC8_Net4_ImageJ_1,29,2.06,20.6,NA,92.65765389
Sarmiento,8,4,Myctophidae,MOC8-Net4-Myc-30,SG2105_MOC8_Net4_ImageJ_1,30,2.628,26.28,NA,196.7846543
Sarmiento,8,4,Myctophidae,MOC8-Net4-Myc-31,SG2105_MOC8_Net4_ImageJ_1,31,2.587,25.87,NA,187.4430494
Sarmiento,8,4,Myctophidae,MOC8-Net4-Myc-32,SG2105_MOC8_Net4_ImageJ_1,32,1.284,12.84,NA,21.47245026
Sarmiento,8,4,Myctophidae,MOC8-Net4-Myc-33,SG2105_MOC8_Net4_ImageJ_1,33,1.097,10.97,NA,13.19620599
Sarmiento,8,4,Myctophidae,MOC8-Net4-Myc-34,SG2105_MOC8_Net4_ImageJ_1,34,2.534,25.34,NA,175.8182016
Sarmiento,8,4,Myctophidae,MOC8-Net4-Myc-35,SG2105_MOC8_Net4_ImageJ_1,35,1.891,18.91,NA,71.10446707
Sarmiento,8,4,Myctophidae,MOC8-Net4-Myc-36,SG2105_MOC8_Net4_ImageJ_1,36,1.482,14.82,NA,33.4598108
Sarmiento,8,4,Myctophidae,MOC8-Net4-Myc-37,SG2105_MOC8_Net4_ImageJ_1,37,3.049,30.49,NA,311.5938667
Sarmiento,8,4,Myctophidae,MOC8-Net4-Myc-38,SG2105_MOC8_Net4_ImageJ_1,38,2.752,27.52,NA,226.9460246
Sarmiento,8,4,Myctophidae,MOC8-Net4-Myc-39,SG2105_MOC8_Net4_ImageJ_1,39,1.535,15.35,NA,37.30123455
Sarmiento,8,4,Myctophidae,MOC8-Net4-Myc-40,SG2105_MOC8_Net4_ImageJ_1,40,1.138,11.38,headless,14.78216357
Sarmiento,8,4,Myctophidae,MOC8-Net4-Myc-41,SG2105_MOC8_Net4_ImageJ_1,41,2.953,29.53,NA,282.2375727
Sarmiento,8,4,Myctophidae,MOC8-Net4-Myc-42,SG2105_MOC8_Net4_ImageJ_1,42,0.369,3.69,head only,0.453839756
Sarmiento,8,4,Myctophidae,MOC8-Net4-Myc-43,SG2105_MOC8_Net4_ImageJ_1,43,1.365,13.65,NA,25.94509574
Sarmiento,8,4,Myctophidae,MOC8-Net4-Myc-44,SG2105_MOC8_Net4_ImageJ_1,44,0.38,3.8,head only,0.497004878
Sarmiento,8,4,Sternoptychidae,MOC8-Net4-Ste-1,SG2105_MOC8_Net4_ImageJ_2,1,2.277,22.77,NA,234.8535958
Sarmiento,8,4,Leptocephalus larvae,MOC8-Net4-Lep-1,SG2105_MOC8_Net4_ImageJ_2,2,6.961,69.61,NA,
Sarmiento,8,4,Larvae,MOC8-Net4-Lar-1,SG2105_MOC8_Net4_ImageJ_2,3,0.478,4.78,NA,
Sarmiento,8,4,Larvae,MOC8-Net4-Lar-2,SG2105_MOC8_Net4_ImageJ_2,4,0.567,5.67,NA,
Sarmiento,8,4,Larvae,MOC8-Net4-Lar-3,SG2105_MOC8_Net4_ImageJ_2,5,0.689,6.89,NA,
Sarmiento,8,4,Larvae,MOC8-Net4-Lar-4,SG2105_MOC8_Net4_ImageJ_2,6,0.79,7.9,NA,
Sarmiento,8,4,Larvae,MOC8-Net4-Lar-5,SG2105_MOC8_Net4_ImageJ_2,7,0.485,4.85,NA,
Sarmiento,8,4,Larvae,MOC8-Net4-Lar-6,SG2105_MOC8_Net4_ImageJ_2,8,0.772,7.72,NA,
Sarmiento,8,4,Larvae,MOC8-Net4-Lar-7,SG2105_MOC8_Net4_ImageJ_2,9,0.733,7.33,NA,
Sarmiento,8,4,Larvae,MOC8-Net4-Lar-8,SG2105_MOC8_Net4_ImageJ_2,10,2.513,25.13,NA,
Sarmiento,8,4,Larvae,MOC8-Net4-Lar-9,SG2105_MOC8_Net4_ImageJ_2,11,0.814,8.14,NA,
Sarmiento,8,4,Larvae,MOC8-Net4-Lar-10,SG2105_MOC8_Net4_ImageJ_2,12,0.415,4.15,NA,
Sarmiento,8,4,Larvae,MOC8-Net4-Lar-11,SG2105_MOC8_Net4_ImageJ_2,13,0.663,6.63,NA,
Sarmiento,8,4,Larvae,MOC8-Net4-Lar-12,SG2105_MOC8_Net4_ImageJ_2,14,0.572,5.72,NA,
Sarmiento,8,4,Larvae,MOC8-Net4-Lar-13,SG2105_MOC8_Net4_ImageJ_2,15,0.639,6.39,NA,
Sarmiento,8,4,Larvae,MOC8-Net4-Lar-14,SG2105_MOC8_Net4_ImageJ_2,16,0.51,5.1,NA,
Sarmiento,8,4,Larvae,MOC8-Net4-Lar-15,SG2105_MOC8_Net4_ImageJ_2,17,0.798,7.98,NA,
Sarmiento,8,4,Larvae,MOC8-Net4-Lar-16,SG2105_MOC8_Net4_ImageJ_2,18,0.509,5.09,NA,
Sarmiento,8,4,Larvae,MOC8-Net4-Lar-17,SG2105_MOC8_Net4_ImageJ_2,19,0.893,8.93,NA,
Sarmiento,8,4,Larvae,MOC8-Net4-Lar-18,SG2105_MOC8_Net4_ImageJ_2,20,0.914,9.14,headless,
Sarmiento,8,4,Larvae,MOC8-Net4-Lar-19,SG2105_MOC8_Net4_ImageJ_2,21,3.699,36.99,NA,
Sarmiento,8,4,Larvae,MOC8-Net4-Lar-20,SG2105_MOC8_Net4_ImageJ_2,22,0.81,8.1,NA,
Sarmiento,8,4,Larvae,MOC8-Net4-Lar-21,SG2105_MOC8_Net4_ImageJ_2,23,0.688,6.88,NA,
Sarmiento,8,4,Larvae,MOC8-Net4-Lar-22,SG2105_MOC8_Net4_ImageJ_2,24,0.949,9.49,NA,
Sarmiento,8,4,Larvae,MOC8-Net4-Lar-23,SG2105_MOC8_Net4_ImageJ_2,25,0.723,7.23,NA,
Sarmiento,8,4,Larvae,MOC8-Net4-Lar-24,SG2105_MOC8_Net4_ImageJ_2,26,0.831,8.31,NA,
Sarmiento,8,4,Larvae,MOC8-Net4-Lar-25,SG2105_MOC8_Net4_ImageJ_2,27,2.239,22.39,NA,
Sarmiento,8,4,Larvae,MOC8-Net4-Lar-26,SG2105_MOC8_Net4_ImageJ_2,28,0.621,6.21,NA,
Sarmiento,8,4,Larvae,MOC8-Net4-Lar-27,SG2105_MOC8_Net4_ImageJ_2,29,2.385,23.85,NA,
Sarmiento,8,4,Larvae,MOC8-Net4-Lar-28,SG2105_MOC8_Net4_ImageJ_2,30,1.732,17.32,NA,
Sarmiento,8,4,Larvae,MOC8-Net4-Lar-29,SG2105_MOC8_Net4_ImageJ_2,31,0.767,7.67,NA,
Sarmiento,9,1,Gonostomatidae,MOC9-Net1-Gon-1,SG2105_MOC9_Net1_ImageJ,1,2.614,26.14,NA,67.23712684
Sarmiento,9,1,Gonostomatidae,MOC9-Net1-Gon-2,SG2105_MOC9_Net1_ImageJ,2,0.946,9.46,head only,4.030255169
Sarmiento,9,1,Gonostomatidae,MOC9-Net1-Gon-3,SG2105_MOC9_Net1_ImageJ,3,1.054,10.54,body only,5.436703373
Sarmiento,9,1,Gonostomatidae,MOC9-Net1-Gon-4,SG2105_MOC9_Net1_ImageJ,4,1.763,17.63,"body broken, head present",22.5924141
Sarmiento,9,1,Gonostomatidae,MOC9-Net1-Gon-5,SG2105_MOC9_Net1_ImageJ,5,1.105,11.05,NA,6.1966952
Sarmiento,9,1,Larvae,MOC9-Net1-Lar-1,SG2105_MOC9_Net1_ImageJ,6,0.936,9.36,NA,
Sarmiento,9,2,Leptocephalus larvae,MOC9-Net2-Lep-1,SG2105_MOC9_Net2_ImageJ,1,10.208,102.08,NA,
Sarmiento,9,2,Leptocephalus larvae,MOC9-Net2-Lep-2,SG2105_MOC9_Net2_ImageJ,2,9.271,92.71,NA,
Sarmiento,9,2,Myctophidae,MOC9-Net2-Myc-1,SG2105_MOC9_Net2_ImageJ,3,1.322,13.22,NA,23.49951385
Sarmiento,9,2,Alepocephalidae,MOC9-Net2-Ale-1,SG2105_MOC9_Net2_ImageJ,4,1.756,17.56,NA,
Sarmiento,9,2,Larvae,MOC9-Net2-Lar-1,SG2105_MOC9_Net2_ImageJ,5,0.834,8.34,NA,
Sarmiento,9,2,Larvae,MOC9-Net2-Lar-2,SG2105_MOC9_Net2_ImageJ,6,0.803,8.03,NA,
Sarmiento,9,2,Larvae,MOC9-Net2-Lar-3,SG2105_MOC9_Net2_ImageJ,7,0.737,7.37,NA,
Sarmiento,9,2,Gonostomatidae,MOC9-Net2-Gon-1,SG2105_MOC9_Net2_ImageJ,8,1.882,18.82,NA,27.07146211
Sarmiento,9,2,Gonostomatidae,MOC9-Net2-Gon-2,SG2105_MOC9_Net2_ImageJ,9,1.832,18.32,NA,25.12641981
Sarmiento,9,2,Gonostomatidae,MOC9-Net2-Gon-3,SG2105_MOC9_Net2_ImageJ,10,3.051,30.51,NA,103.1597925
Sarmiento,9,2,Gonostomatidae,MOC9-Net2-Gon-4,SG2105_MOC9_Net2_ImageJ,11,1.733,17.33,NA,21.54384457
Sarmiento,9,3,Larvae,MOC9-Net3-Lar-1,SG2105_MOC9_Net3_ImageJ,1,0.899,8.99,NA,
Sarmiento,9,3,Larvae,MOC9-Net3-Lar-2,SG2105_MOC9_Net3_ImageJ,2,0.732,7.32,NA,
Sarmiento,9,3,Larvae,MOC9-Net3-Lar-3,SG2105_MOC9_Net3_ImageJ,3,0.5,5,NA,
Sarmiento,9,3,Larvae,MOC9-Net3-Lar-4,SG2105_MOC9_Net3_ImageJ,4,0.843,8.43,NA,
Sarmiento,9,3,Larvae,MOC9-Net3-Lar-5,SG2105_MOC9_Net3_ImageJ,5,0.633,6.33,NA,
Sarmiento,9,3,Larvae,MOC9-Net3-Lar-6,SG2105_MOC9_Net3_ImageJ,6,0.562,5.62,NA,
Sarmiento,9,3,Larvae,MOC9-Net3-Lar-7,SG2105_MOC9_Net3_ImageJ,7,0.565,5.65,NA,
Sarmiento,9,3,Larvae,MOC9-Net3-Lar-8,SG2105_MOC9_Net3_ImageJ,8,0.636,6.36,NA,
Sarmiento,9,3,Larvae,MOC9-Net3-Lar-9,SG2105_MOC9_Net3_ImageJ,9,0.522,5.22,NA,
Sarmiento,9,3,Larvae,MOC9-Net3-Lar-10,SG2105_MOC9_Net3_ImageJ,10,0.467,4.67,NA,
Sarmiento,9,3,Larvae,MOC9-Net3-Lar-11,SG2105_MOC9_Net3_ImageJ,11,0.542,5.42,NA,
Sarmiento,9,3,Larvae,MOC9-Net3-Lar-12,SG2105_MOC9_Net3_ImageJ,12,0.485,4.85,NA,
Sarmiento,9,3,Larvae,MOC9-Net3-Lar-13,SG2105_MOC9_Net3_ImageJ,13,1.907,19.07,NA,
Sarmiento,9,3,Larvae,MOC9-Net3-Lar-14,SG2105_MOC9_Net3_ImageJ,14,0.838,8.38,NA,
Sarmiento,9,3,Larvae,MOC9-Net3-Lar-15,SG2105_MOC9_Net3_ImageJ,15,0.537,5.37,NA,
Sarmiento,9,3,Larvae,MOC9-Net3-Lar-16,SG2105_MOC9_Net3_ImageJ,16,2.25,22.5,NA,
Sarmiento,9,3,Larvae,MOC9-Net3-Lar-17,SG2105_MOC9_Net3_ImageJ,17,0.807,8.07,NA,
Sarmiento,9,3,Larvae,MOC9-Net3-Lar-18,SG2105_MOC9_Net3_ImageJ,18,0.807,8.07,NA,
Sarmiento,9,3,Larvae,MOC9-Net3-Lar-19,SG2105_MOC9_Net3_ImageJ,19,0.731,7.31,NA,
Sarmiento,9,3,Larvae,MOC9-Net3-Lar-20,SG2105_MOC9_Net3_ImageJ,20,0.879,8.79,NA,
Sarmiento,9,3,Larvae,MOC9-Net3-Lar-21,SG2105_MOC9_Net3_ImageJ,21,1.898,18.98,NA,
Sarmiento,9,3,Larvae,MOC9-Net3-Lar-22,SG2105_MOC9_Net3_ImageJ,22,0.603,6.03,NA,
Sarmiento,9,3,Larvae,MOC9-Net3-Lar-23,SG2105_MOC9_Net3_ImageJ,23,0.738,7.38,NA,
Sarmiento,9,3,Larvae,MOC9-Net3-Lar-24,SG2105_MOC9_Net3_ImageJ,24,0.575,5.75,NA,
Sarmiento,9,3,Larvae,MOC9-Net3-Lar-25,SG2105_MOC9_Net3_ImageJ,25,0.6,6,NA,
Sarmiento,9,3,Larvae,MOC9-Net3-Lar-26,SG2105_MOC9_Net3_ImageJ,26,2.027,20.27,NA,
Sarmiento,9,3,Larvae,MOC9-Net3-Lar-27,SG2105_MOC9_Net3_ImageJ,27,0.686,6.86,NA,
Sarmiento,9,3,Larvae,MOC9-Net3-Lar-28,SG2105_MOC9_Net3_ImageJ,28,0.633,6.33,NA,
Sarmiento,9,3,Larvae,MOC9-Net3-Lar-29,SG2105_MOC9_Net3_ImageJ,29,0.626,6.26,NA,
Sarmiento,9,3,Larvae,MOC9-Net3-Lar-30,SG2105_MOC9_Net3_ImageJ,30,0.581,5.81,NA,
Sarmiento,9,3,Larvae,MOC9-Net3-Lar-31,SG2105_MOC9_Net3_ImageJ,31,0.582,5.82,NA,
Sarmiento,9,3,Leptocephalus larvae,MOC9-Net3-Lep-1,SG2105_MOC9_Net3_ImageJ,32,10.64,106.4,NA,
Sarmiento,9,3,Myctophidae,MOC9-Net3-Myc-1,SG2105_MOC9_Net3_ImageJ,33,3.01,30.1,NA,299.4305844
Sarmiento,9,3,Myctophidae,MOC9-Net3-Myc-2,SG2105_MOC9_Net3_ImageJ,34,1.878,18.78,NA,69.60339773
Sarmiento,9,4,Myctophidae,MOC9-Net4-Myc-1,SG2105_MOC9_Net4_ImageJ,1,3.516,35.16,NA,484.193696
Sarmiento,9,4,Myctophidae,MOC9-Net4-Myc-2,SG2105_MOC9_Net4_ImageJ,2,2.87,28.7,NA,258.4155798
Sarmiento,9,4,Myctophidae,MOC9-Net4-Myc-3,SG2105_MOC9_Net4_ImageJ,3,2.761,27.61,NA,229.2494924
Sarmiento,9,4,Myctophidae,MOC9-Net4-Myc-4,SG2105_MOC9_Net4_ImageJ,4,2.666,26.66,NA,205.719479
Sarmiento,9,4,Myctophidae,MOC9-Net4-Myc-5,SG2105_MOC9_Net4_ImageJ,5,2.582,25.82,NA,186.3247859
Sarmiento,9,4,Myctophidae,MOC9-Net4-Myc-6,SG2105_MOC9_Net4_ImageJ,6,2.783,27.83,NA,234.9466918
Sarmiento,9,4,Myctophidae,MOC9-Net4-Myc-7,SG2105_MOC9_Net4_ImageJ,7,3.652,36.52,NA,544.4997129
Sarmiento,9,4,Myctophidae,MOC9-Net4-Myc-8,SG2105_MOC9_Net4_ImageJ,8,2.639,26.39,NA,199.3434733
Sarmiento,9,4,Myctophidae,MOC9-Net4-Myc-9,SG2105_MOC9_Net4_ImageJ,9,1.258,12.58,NA,20.15590069
Sarmiento,9,4,Myctophidae,MOC9-Net4-Myc-10,SG2105_MOC9_Net4_ImageJ,10,2.778,27.78,NA,233.6435572
Sarmiento,9,4,Myctophidae,MOC9-Net4-Myc-11,SG2105_MOC9_Net4_ImageJ,11,3.46,34.6,NA,460.736226
Sarmiento,9,4,Myctophidae,MOC9-Net4-Myc-12,SG2105_MOC9_Net4_ImageJ,12,2.563,25.63,NA,182.1165548
Sarmiento,9,4,Myctophidae,MOC9-Net4-Myc-13,SG2105_MOC9_Net4_ImageJ,13,1.465,14.65,NA,32.28685625
Sarmiento,9,4,Myctophidae,MOC9-Net4-Myc-14,SG2105_MOC9_Net4_ImageJ,14,1.027,10.27,NA,10.76161297
Sarmiento,9,4,Myctophidae,MOC9-Net4-Myc-15,SG2105_MOC9_Net4_ImageJ,15,3.015,30.15,NA,300.9716969
Sarmiento,9,4,Myctophidae,MOC9-Net4-Myc-16,SG2105_MOC9_Net4_ImageJ,16,1.696,16.96,body fragment,50.78133742
Sarmiento,9,4,Myctophidae,MOC9-Net4-Myc-17,SG2105_MOC9_Net4_ImageJ,17,1.498,14.98,body fragment,34.58979799
Sarmiento,9,4,Myctophidae,MOC9-Net4-Myc-18,SG2105_MOC9_Net4_ImageJ,18,1.943,19.43,body fragment,77.32792548
Sarmiento,9,4,Myctophidae,MOC9-Net4-Myc-19,SG2105_MOC9_Net4_ImageJ,19,1.061,10.61,body fragment,11.90221167
Sarmiento,9,4,Myctophidae,MOC9-Net4-Myc-20,SG2105_MOC9_Net4_ImageJ,20,1.37,13.7,body fragment,26.24017344
Sarmiento,9,4,Myctophidae,MOC9-Net4-Myc-21,SG2105_MOC9_Net4_ImageJ,21,0.834,8.34,body fragment,5.652708388
Sarmiento,9,4,Myctophidae,MOC9-Net4-Myc-22,SG2105_MOC9_Net4_ImageJ,22,1.743,17.43,body fragment,55.26151734
Sarmiento,9,4,Myctophidae,MOC9-Net4-Myc-23,SG2105_MOC9_Net4_ImageJ,23,1.972,19.72,"broken, head present",80.95376682
Sarmiento,9,4,Myctophidae,MOC9-Net4-Myc-24,SG2105_MOC9_Net4_ImageJ,24,1.132,11.32,head only,14.54243011
Sarmiento,9,4,Myctophidae,MOC9-Net4-Myc-25,SG2105_MOC9_Net4_ImageJ,25,1.027,10.27,head only,10.76161297
Sarmiento,9,4,Myctophidae,MOC9-Net4-Myc-26,SG2105_MOC9_Net4_ImageJ,26,1.523,15.23,head fragments,36.40665581
Sarmiento,9,4,Larvae,MOC9-Net4-Lar-1,SG2105_MOC9_Net4_ImageJ,27,2.009,20.09,silver epipelagic,
Sarmiento,9,4,Larvae,MOC9-Net4-Lar-2,SG2105_MOC9_Net4_ImageJ,28,0.521,5.21,NA,